Project,File Name,Design Pattern,URL,Human Summary
AbdurRKhalid,EmailNotificationListener.java,Observer,https://github.com/SamSike/DPS-Corpus/blob/main/AbdurRKhalid/Behavioral/Observer/ConcreteObserver/EmailNotificationListener.java,The EmailNotificationListener is a concerte observer as it receives notifications about events related to file operations. It overrides the update method that sends email notifications.
AbdurRKhalid,LogOpenListener.java,Observer,https://github.com/SamSike/DPS-Corpus/blob/main/AbdurRKhalid/Behavioral/Observer/ConcreteObserver/LogOpenListener.java,The LogOpenListener is a Concrete Observer designed to log events related to file operations as it updates the logger file.
AbdurRKhalid,Editor.java,Observer,https://github.com/SamSike/DPS-Corpus/blob/main/AbdurRKhalid/Behavioral/Observer/ConcretePublisher/Editor.java,The Editor class acts as a Concrete Publisher designed to trigger notifications about file operations like opening and saving files through a notify method.
AbdurRKhalid,EventListener.java,Observer,https://github.com/SamSike/DPS-Corpus/blob/main/AbdurRKhalid/Behavioral/Observer/Observer/EventListener.java,The EventListener interface defines a contract for Observers. It establishes the structure that any concrete observer (such as email or log listeners) must implement to handle event notifications from a Publisher.
AbdurRKhalid,EventManager.java,Observer,https://github.com/SamSike/DPS-Corpus/blob/main/AbdurRKhalid/Behavioral/Observer/Publisher/EventManager.java,"The EventManager class acts as a Publisher, responsible for managing and notifying subscribers about specific events."
AbdurRKhalid,Computer.java,Visitor,https://github.com/SamSike/DPS-Corpus/blob/main/AbdurRKhalid/Behavioral/Visitor/Computer.java,"The Computer class represents a Concrete Element of Visitor, which allows operations to be performed on Mouse, Keyboard and monitor components by an external visitor."
AbdurRKhalid,ComputerPart.java,Visitor,https://github.com/SamSike/DPS-Corpus/blob/main/AbdurRKhalid/Behavioral/Visitor/ComputerPart.java,"The ComputerPart interface defines a Component role in the Visitor and provides a contract for all concrete components like Mouse, Keyboard, Monitor, and Computer to accept a visitor, allowing external operations to be applied to them."
AbdurRKhalid,ComputerPartDisplayVisitor.java,Visitor,https://github.com/SamSike/DPS-Corpus/blob/main/AbdurRKhalid/Behavioral/Visitor/ComputerPartDisplayVisitor.java,"The ComputerPartDisplayVisitor class implements the ComputerPartVisitor interface, serving as a Concrete Visitor. This visitor defines specific actions for displaying each ComputerPart type such as Computer, Mouse, Keyboard, Monitor."
AbdurRKhalid,ComputerPartVisitor.java,Visitor,https://github.com/SamSike/DPS-Corpus/blob/main/AbdurRKhalid/Behavioral/Visitor/ComputerPartVisitor.java,"The ComputerPartVisitor is an interface of Visitor role, specifying a set of operations that can be performed on each type of ComputerPart element that are Computer, Mouse, Keyboard, Monitor."
AbdurRKhalid,Keyboard.java,Visitor,https://github.com/SamSike/DPS-Corpus/blob/main/AbdurRKhalid/Behavioral/Visitor/Keyboard.java,"The Keyboard class is a Concrete Element, implementing the ComputerPart interface to accept a visitor."
AbdurRKhalid,Monitor.java,Visitor,https://github.com/SamSike/DPS-Corpus/blob/main/AbdurRKhalid/Behavioral/Visitor/Monitor.java,The Monitor class is a Concrete Element implementing the ComputerPart interface to allow operations from a visitor.
AbdurRKhalid,Mouse.java,Visitor,https://github.com/SamSike/DPS-Corpus/blob/main/AbdurRKhalid/Behavioral/Visitor/Mouse.java,The Mouse class is a Concrete Element implementing the ComputerPart interface to support visitor operations.
AbdurRKhalid,Test.java,Client (No pattern),https://github.com/SamSike/DPS-Corpus/blob/main/AbdurRKhalid/Behavioral/Visitor/Test.java,The Test class serves as a Client demonstrating the use of the pattern by applying a visitor to a Computer component.
AbdurRKhalid,GUIFactory.java,AbstractFactory,https://github.com/SamSike/DPS-Corpus/blob/main/AbdurRKhalid/Creational/Abstract%20Factory/AbstractFactory/GUIFactory.java,The GUIFactory interface defines an Abstract Factory setting the framework for creating families of related GUI products without specifying concrete classes.
AbdurRKhalid,Application.java,Client (no pattern),https://github.com/SamSike/DPS-Corpus/blob/main/AbdurRKhalid/Creational/Abstract%20Factory/Client/Application.java,"The Application class acts as a Client in the Abstract Factory design pattern, using a GUIFactory to create and manage related GUI components."
AbdurRKhalid,MacOSFactory.java,AbstractFactory,https://github.com/SamSike/DPS-Corpus/blob/main/AbdurRKhalid/Creational/Abstract%20Factory/ConcreteFactory/MacOSFactory.java,"The MacOSFactory class is a Concrete Factory, implementing the GUIFactory interface to create MacOS specific GUI components."
AbdurRKhalid,WindowsOSFactory.java,AbstractFactory,https://github.com/SamSike/DPS-Corpus/blob/main/AbdurRKhalid/Creational/Abstract%20Factory/ConcreteFactory/WindowsOSFactory.java,"The WindowOSFactory class is a Concrete Factory, implementing the GUIFactory interface to create Windows OS specific GUI components."
AbdurRKhalid,Button.java,AbstractFactory,https://github.com/SamSike/DPS-Corpus/blob/main/AbdurRKhalid/Creational/Abstract%20Factory/Products/Button.java,Button is a product interface in Abstract Factory having a paint method
AbdurRKhalid,CheckBox.java,AbstractFactory,https://github.com/SamSike/DPS-Corpus/blob/main/AbdurRKhalid/Creational/Abstract%20Factory/Products/CheckBox.java,Checkbox is a product interface in Abstract Factory having a paint method
AbdurRKhalid,MacOSButton.java,AbstractFactory,https://github.com/SamSike/DPS-Corpus/blob/main/AbdurRKhalid/Creational/Abstract%20Factory/Products/MacOSButton.java,The MacOSButton class is a Concrete Product implementing the Button interface to provide a specific version of a button tailored for the MacOS platform.
AbdurRKhalid,MacOSCheckBox.java,AbstractFactory,https://github.com/SamSike/DPS-Corpus/blob/main/AbdurRKhalid/Creational/Abstract%20Factory/Products/MacOSCheckBox.java,The MacOSCheckBox class is a Concrete Product implementing the Checkbox interface to provide a specific version of a checkbox tailored for the MacOS platform.
AbdurRKhalid,WindowsButton.java,AbstractFactory,https://github.com/SamSike/DPS-Corpus/blob/main/AbdurRKhalid/Creational/Abstract%20Factory/Products/WindowsButton.java,The Windows Button class is a Concrete Product implementing the Button interface to provide a specific version of a button tailored for the Windows platform.
AbdurRKhalid,WindowsCheckBox.java,AbstractFactory,https://github.com/SamSike/DPS-Corpus/blob/main/AbdurRKhalid/Creational/Abstract%20Factory/Products/WindowsCheckBox.java,The WindowsCheckBox class is a Concrete Product implementing the Checkbox interface to provide a specific version of a checkbox tailored for the Windows platform.
AbdurRKhalid,Test.java,Client (no pattern),https://github.com/SamSike/DPS-Corpus/blob/main/AbdurRKhalid/Creational/Abstract%20Factory/Test.java,The Test class serves as a Client demonstrating the creation and usage of a Windows specific application interface
AbdurRKhalid,Test.java,Client (no pattern),https://github.com/SamSike/DPS-Corpus/blob/main/AbdurRKhalid/Creational/Factory%20Method/Client/Test.java,The Test class is a Client demonstrating how to create and utilize a specific dialog that generates buttons.
AbdurRKhalid,HtmlDialog.java,Factory Method,https://github.com/SamSike/DPS-Corpus/blob/main/AbdurRKhalid/Creational/Factory%20Method/ConcreteCreator/HtmlDialog.java,The HtmlDialog class is a Concrete Creator extending the Dialog class to produce HTML specific buttons.
AbdurRKhalid,WindowsDialog.java,Factory Method,https://github.com/SamSike/DPS-Corpus/blob/main/AbdurRKhalid/Creational/Factory%20Method/ConcreteCreator/WindowsDialog.java,The WindowsDialog class is a Concrete Creator extending the Dialog class to produce Windows specific buttons.
AbdurRKhalid,HtmlButton.java,Factory Method,https://github.com/SamSike/DPS-Corpus/blob/main/AbdurRKhalid/Creational/Factory%20Method/ConcreteProduct/HtmlButton.java,"The HtmlButton class is a Concrete Product, implementing the Button interface to provide an HTML specific button functionality."
AbdurRKhalid,WindowsButton.java,Factory Method,https://github.com/SamSike/DPS-Corpus/blob/main/AbdurRKhalid/Creational/Factory%20Method/ConcreteProduct/WindowsButton.java,"The WindowsButton class is a Concrete Product, implementing the Button interface to provide a Windows specific button functionality."
AbdurRKhalid,Dialog.java,Factory Method,https://github.com/SamSike/DPS-Corpus/blob/main/AbdurRKhalid/Creational/Factory%20Method/Factory/Dialog.java,The Dialog class is an Abstract Creator providing a template for creating dialogs that can generate buttons.
AbdurRKhalid,Button.java,Factory Method,https://github.com/SamSike/DPS-Corpus/blob/main/AbdurRKhalid/Creational/Factory%20Method/Product/Button.java,The Button interface defines a Product establishing a contract for button components that can be created by concrete creators.
AbdurRKhalid,TextEditor.java,Memento,https://github.com/SamSike/DPS-Corpus/blob/main/AbdurRKhalid/Behavioral/Memento/CareTaker/TextEditor.java,"This class implements the caretaker for the Memento pattern for a text editor. It uses TextWindow as the originator and TextWindowState as the memento to save and restore text state. hitSave() stores the current state, and hitUndo() restores the previously saved state."
AbdurRKhalid,TextWindowState.java,Memento,https://github.com/SamSike/DPS-Corpus/blob/main/AbdurRKhalid/Behavioral/Memento/Memento/TextWindowState.java,"This class represents the Memento in the pattern. It stores the text state of a TextWindow in an immutable way, providing a getText() method to retrieve the saved content."
AbdurRKhalid,TextWindow.java,Memento,https://github.com/SamSike/DPS-Corpus/blob/main/AbdurRKhalid/Behavioral/Memento/Originator/TextWindow.java,"This class represents Memento pattern enabling saving and restoring text in a TextWindow. TextWindowState stores text snapshots, TextWindow creates and restores these states, and TextEditor acts as caretaker, providing hitSave() and hitUndo() to manage text history."
AbdurRKhalid,Singleton.java,Singleton,https://github.com/SamSike/DPS-Corpus/blob/main/AbdurRKhalid/Creational/Singleton/Singleton/Singleton.java,"This class implements the Singleton pattern, ensuring only one instance exists. getInstance() creates the instance if null and returns it; the constructor is private to prevent direct instantiation. The instance holds a value string."
AbdurRKhalid,Test.java,Client (no pattern),https://github.com/SamSike/DPS-Corpus/blob/main/AbdurRKhalid/Creational/Singleton/Client/Test.java,"The test class is a client. and makes two calls to getInstance() with different values return the same instance, proving only one object exists."
AbdurRKhalid,SquarePeg.java,Adapter,https://github.com/SamSike/DPS-Corpus/blob/main/AbdurRKhalid/Structural/Adapter/Adapte/SquarePeg.java,"SquarePeg is an adaptee that represents a square peg with a given width. It provides methods to retrieve the width and calculate its area (getSquare()), which returns the square of the width using Math.pow()."
AbdurRKhalid,SquarePegAdapter.java,Adapter,https://github.com/SamSike/DPS-Corpus/blob/main/AbdurRKhalid/Structural/Adapter/Adapter/SquarePegAdapter.java,"SquarePegAdapter is an adapter that adapts a SquarePeg to behave like a RoundPeg. It overrides getRadius() to calculate an equivalent radius for the square peg using the formula based on its width, enabling compatibility with round hole logic in the Adapter pattern."
AbdurRKhalid,RoundHole.java,Adapter,https://github.com/SamSike/DPS-Corpus/blob/main/AbdurRKhalid/Structural/Adapter/Target/RoundHole.java,"RoundHole is a target adapter representing a circular hole with a fixed radius. It provides getRadius() and a fits() method to check if a given RoundPeg can fit inside by comparing their radii, forming part of the Adapter pattern for compatibility between round and square pegs."
AbdurRKhalid,RoundPeg.java,Adapter,https://github.com/SamSike/DPS-Corpus/blob/main/AbdurRKhalid/Structural/Adapter/Target/RoundPeg.java,"RoundPeg is a target adapter that represents a circular peg with a radius. It provides constructors for initialization and a getRadius() method to retrieve the radius, serving as the target interface in the Adapter pattern for compatibility with RoundHole."
AbdurRKhalid,Test.java,Client (no pattern),https://github.com/SamSike/DPS-Corpus/blob/main/AbdurRKhalid/Structural/Adapter/Test.java,"This test demonstrates is a client. A RoundHole checks if a RoundPeg fits, then uses SquarePegAdapter to adapt square pegs for compatibility. The output confirms that a small square peg fits while a large one does not, validating the adapter’s role in bridging incompatible interfaces."
AbdurRKhalid,DataSource.java,Decorator,https://github.com/SamSike/DPS-Corpus/blob/main/AbdurRKhalid/Structural/Decorator/Component/DataSource.java,"DataSource is an Decorator interface defining two methods: writeData(String data) for storing data and readData() for retrieving it. It serves as the base component in the Decorator pattern, allowing flexible extension of data handling functionality."
AbdurRKhalid,FileDataSource.java,Decorator,https://github.com/SamSike/DPS-Corpus/blob/main/AbdurRKhalid/Structural/Decorator/ConcreteComponent/FileDataSource.java,"FileDataSource is a concrete component implementation of DataSource that reads and writes data to a file. It uses FileOutputStream for writing and FileReader for reading, handling I/O exceptions gracefully. This class acts as the core component in the Decorator pattern for file-based storage."
AbdurRKhalid,CompressionDecorator.java,Decorator,https://github.com/SamSike/DPS-Corpus/blob/main/AbdurRKhalid/Structural/Decorator/ConcreteDecorator/CompressionDecorator.java,CompressionDecorator is a concrete decorator that extends DataSourceDecorator to add transparent compression. It Base64-encodes compressed data when writing (using Deflater with configurable level) and decodes/decompresses when reading (using Inflater). This decorates any DataSource with compress/decompress behavior without changing the underlying component.
AbdurRKhalid,EncryptionDecorator.java,Decorator,https://github.com/SamSike/DPS-Corpus/blob/main/AbdurRKhalid/Structural/Decorator/ConcreteDecorator/EncryptionDecorator.java,"EncryptionDecorator is a concrete decorator that adds simple encoding/decoding to any DataSource. On write, it shifts each byte by +1 and Base64-encodes; on read, it Base64-decodes and shifts bytes back by −1. It transparently layers encryption behavior without modifying the wrapped component."
AbdurRKhalid,DataSourceDecorator.java,Decorator,https://github.com/SamSike/DPS-Corpus/blob/main/AbdurRKhalid/Structural/Decorator/Decorator/DataSourceDecorator.java,DataSourceDecorator is an abstract decorator implementing DataSource. It holds a reference to another DataSource (wrappee) and delegates writeData() and readData() calls to it. This class forms the base for concrete decorators that add extra functionality without altering the original component.
AbdurRKhalid,AudioMixer.java,Facade,https://github.com/SamSike/DPS-Corpus/blob/main/AbdurRKhalid/Structural/Facade/AudioMixer.java,"AudioMixer is a part of a facade pattern. It simulates audio processing for video files. Its fix() method prints a message indicating audio adjustment and returns a temporary File object, representing the processed output."
AbdurRKhalid,BitrateReader.java,Facade,https://github.com/SamSike/DPS-Corpus/blob/main/AbdurRKhalid/Structural/Facade/BitrateReader.java,"BitrateReader provides static methods for video processing. read() simulates reading a video file with a given codec, while convert() simulates writing or converting the file. Both methods print status messages and return the processed VideoFile, forming part of a Facade pattern for media conversion"
AbdurRKhalid,Codec.java,Facade,https://github.com/SamSike/DPS-Corpus/blob/main/AbdurRKhalid/Structural/Facade/Codec.java,"Codec is a marker interface representing a video codec type. It defines no methods but serves as a common type for codec implementations, enabling polymorphism in video processing operations within the Facade pattern."
AbdurRKhalid,CodecFactory.java,Facade,https://github.com/SamSike/DPS-Corpus/blob/main/AbdurRKhalid/Structural/Facade/CodecFactory.java,CodecFactory is a helper in the facade pattern that determines the codec type of a VideoFile and returns the appropriate implementation (MPEG4CompressionCodec or OggCompressionCodec). It prints diagnostic messages during extraction for video conversion.
AbdurRKhalid,MPEG4CompressionCodec.java,Facade,https://github.com/SamSike/DPS-Corpus/blob/main/AbdurRKhalid/Structural/Facade/MPEG4CompressionCodec.java,"MPEG4CompressionCodec is a concrete implementation of the Codec interface representing the MP4 format. It defines a public type field set to ""mp4"", used for identifying the codec during video processing in the Facade pattern"
AbdurRKhalid,OggCompressionCodec.java,Facade,https://github.com/SamSike/DPS-Corpus/blob/main/AbdurRKhalid/Structural/Facade/OggCompressionCodec.java,"OggCompressionCodec is a concrete implementation of the Codec interface in the facade pattern representing the OGG format. It contains a public type field set to ""ogg"", used for identifying the codec during video conversion."
AbdurRKhalid,Test.java,Client (no pattern),https://github.com/SamSike/DPS-Corpus/blob/main/AbdurRKhalid/Structural/Facade/Test.java,"This test demonstrates the Facade pattern. It uses VideoConversionFacade to convert an OGG video file to MP4 format, hiding complex operations like codec extraction, bitrate reading, audio fixing, and file handling behind a simple convertVideo() method for ease of use."
AbdurRKhalid,VideoConversionFacade.java,Facade,https://github.com/SamSike/DPS-Corpus/blob/main/AbdurRKhalid/Structural/Facade/VideoConversionFacade.java,"VideoConversionFacade, part of facade pattern, simplifies video conversion by hiding complex steps that are codec extraction, bitrate reading, format conversion, and audio fixing behind a single convertVideo() method. It uses helper classes (CodecFactory, BitrateReader, AudioMixer) and returns the final converted file."
AbdurRKhalid,VideoFile.java,Facade,https://github.com/SamSike/DPS-Corpus/blob/main/AbdurRKhalid/Structural/Facade/VideoFile.java,"VideoFile represents a video with a name and codec type. The codec type is derived from the file extension in the constructor. It provides getCodecType() and getName() methods for accessing these properties, supporting video conversion operations in the Facade pattern."
JamesZBL,Captain.java,AbstractFactory,https://github.com/SamSike/DPS-Corpus/blob/main/JamesZBL/abstract-factory/Captain.java,"The Captain interface in the Abstract Factory pattern defines a type of Member, serving as a blueprint for creating consistent captain objects."
JamesZBL,Member.java,AbstractFactory,https://github.com/SamSike/DPS-Corpus/blob/main/JamesZBL/abstract-factory/Member.java,"The Member interface defines a contract for ship members or related entities, requiring them to provide a description via the getDescription() method, supporting the Abstract Factory pattern's consistency"
JamesZBL,NewShip.java,AbstractFactory,https://github.com/SamSike/DPS-Corpus/blob/main/JamesZBL/abstract-factory/NewShip.java,"The NewShip class implements the Ship interface and represents a specific type of ship with a fixed description, ""I am a brand-new ship,"" supporting the Abstract Factory pattern's product creation."
JamesZBL,OldCaptain.java,AbstractFactory,https://github.com/SamSike/DPS-Corpus/blob/main/JamesZBL/abstract-factory/OldCaptain.java,"The OldCaptain class implements the Captain interface and represents a specific type of captain with a fixed description, ""I am an old captain,"" aligning with the Abstract Factory pattern's product family."
JamesZBL,OldSailor.java,AbstractFactory,https://github.com/SamSike/DPS-Corpus/blob/main/JamesZBL/abstract-factory/OldSailor.java,"The OldSailor class implements the Sailor interface and represents a specific type of sailor with a fixed description, ""I am an old sailor,"" as part of the Abstract Factory pattern's product family."
JamesZBL,OldShip.java,AbstractFactory,https://github.com/SamSike/DPS-Corpus/blob/main/JamesZBL/abstract-factory/OldShip.java,"The OldShip class implements the Ship interface and represents an old ship with a fixed description, ""I am a worn-out ship,"" as part of the Abstract Factory pattern's product family."
JamesZBL,PermanentTeamFactory.java,AbstractFactory,https://github.com/SamSike/DPS-Corpus/blob/main/JamesZBL/abstract-factory/PermanentTeamFactory.java,"The PermanentTeamFactory class implements the TeamFactory interface, creating a family of related products (OldShip, OldCaptain, and OldSailor), demonstrating the Abstract Factory pattern's ability to produce consistent object groups."
JamesZBL,Sailor.java,AbstractFactory,https://github.com/SamSike/DPS-Corpus/blob/main/JamesZBL/abstract-factory/Sailor.java,"The Sailor interface extends Member, representing a specialized type of team member in the Abstract Factory pattern."
JamesZBL,Ship.java,AbstractFactory,https://github.com/SamSike/DPS-Corpus/blob/main/JamesZBL/abstract-factory/Ship.java,"The Ship interface extends Member, defining a specific type of team member within the Abstract Factory pattern."
JamesZBL,TeamFactory.java,AbstractFactory,https://github.com/SamSike/DPS-Corpus/blob/main/JamesZBL/abstract-factory/TeamFactory.java,"The TeamFactory interface defines methods to create related objects (Ship, Captain, Sailor), forming a cohesive team in the Abstract Factory pattern."
JamesZBL,YoungCaptain.java,AbstractFactory,https://github.com/SamSike/DPS-Corpus/blob/main/JamesZBL/abstract-factory/YoungCaptain.java,"The YoungCaptain class implements Captain, representing a young captain, adhering to the Abstract Factory pattern."
JamesZBL,YoungSailor.java,AbstractFactory,https://github.com/SamSike/DPS-Corpus/blob/main/JamesZBL/abstract-factory/YoungSailor.java,"The YoungSailor class implements Sailor, representing a young sailor aligning with the Abstract Factory pattern."
JamesZBL,YoungTeamFactory.java,AbstractFactory,https://github.com/SamSike/DPS-Corpus/blob/main/JamesZBL/abstract-factory/YoungTeamFactory.java,"The YoungTeamFactory class implements TeamFactory, creating a cohesive set of ""young"" team objects in the Abstract Factory pattern."
JamesZBL,Application.java,Client (no pattern),https://github.com/SamSike/DPS-Corpus/blob/main/JamesZBL/adapter/Application.java,"This code demonstrates the client which allow the Driver class to interact with a Bus interface in a compatible way, enabling the drive method to work seamlessly without modifying the existing Driver class."
JamesZBL,Bus.java,Adapter,https://github.com/SamSike/DPS-Corpus/blob/main/JamesZBL/adapter/Bus.java,"This code defines the Bus class, which acts as the adaptee in the Adapter Design Pattern, providing the run method that the adapter will adapt to a compatible interface for the client."
JamesZBL,BusAdapter.java,Adapter,https://github.com/SamSike/DPS-Corpus/blob/main/JamesZBL/adapter/BusAdapter.java,"BusAdapter is an adapter implements the Car interface by internally using a Bus object. It adapts the Bus method run() to the Car method drive(), enabling a bus to behave like a car through the adapter pattern."
JamesZBL,Car.java,Adapter,https://github.com/SamSike/DPS-Corpus/blob/main/JamesZBL/adapter/Car.java,"Car interface is an interface with a single method drive(). It represents the target interface in the Adapter pattern, which clients expect to use. Classes like BusAdapter implement this interface to adapt other types (e.g., Bus) to behave like a Car."
JamesZBL,Driver.java,Adapter,https://github.com/SamSike/DPS-Corpus/blob/main/JamesZBL/adapter/Driver.java,"Driver implements Car but actually delegates to another Car instance (car.drive()). It acts as the client/invoker that works against the target interface (Car), enabling dependency injection."
JamesZBL,Member.java,AbstractFactory,https://github.com/SamSike/DPS-Corpus/blob/main/JamesZBL/abstract-factory/Member.java,"The Member interface defines a contract for ship members or related entities, requiring them to provide a description via the getDescription() method, supporting the Abstract Factory pattern's consistency"
JamesZBL,Application.java,Client (no pattern),https://github.com/SamSike/DPS-Corpus/blob/main/JamesZBL/decorator/Application.java,"Application demonstrates the Decorator pattern as a client. It first executes a basic CarpenterOperation, then decorates it with HammerSmithOperation to add extra functionality. The main method logs steps and calls checkBefore(), join(), and checkAfter() for both operations, showing layered behaviour enhancement."
JamesZBL,CarpenterOperation.java,Decorator,https://github.com/SamSike/DPS-Corpus/blob/main/JamesZBL/decorator/CarpenterOperation.java,"CarpenterOperation class implements Operation for a carpenter’s tasks as a prt of a decorator design pattern. It logs three steps that are checking wood, crafting the hammer handle, and inspecting the finished handle."
JamesZBL,HammerSmithOperation.java,Decorator,https://github.com/SamSike/DPS-Corpus/blob/main/JamesZBL/decorator/HammerSmithOperation.java,"HammerSmithOperation is a decorator that adds ironwork steps to an existing Operation. It wraps a previous operation and extends its behaviour by logging extra tasks that are checking iron, forging the hammerhead, and inspecting the finished head, while preserving the original steps."
JamesZBL,Operation.java,Decorator,https://github.com/SamSike/DPS-Corpus/blob/main/JamesZBL/decorator/Operation.java,"This Operation interface is a component in a decorator pattern that defines three methods namely checkBefore(), join(), and chekcAfter() representing sequential steps for an assembly line operation."
JamesZBL,Application.java,Client (no pattern),https://github.com/SamSike/DPS-Corpus/blob/main/JamesZBL/facade/Application.java,"This code demonstrates the Facade pattern by using CourseFacade to simplify complex operations. The main method calls prepare(), proceed(), and stop() through the facade, providing a unified interface for managing course-related processes."
JamesZBL,CourseFacade.java,Facade,https://github.com/SamSike/DPS-Corpus/blob/main/JamesZBL/facade/CourseFacade.java,"CourseFacade implements the Facade pattern by managing a list of course participants (CourseTeacher and CourseStudent). It provides simplified methods, prepare(), proceed(), and stop() that internally trigger multiple actions for all participants, hiding complex interactions behind a single unified interface."
JamesZBL,CourseParticipator.java,Facade,https://github.com/SamSike/DPS-Corpus/blob/main/JamesZBL/facade/CourseParticipator.java,"CourseParticipator is an abstract class represents a course participant with methods for preparing, proceeding, stopping, going to school, and going home in a Facade pattern. It uses an Event enum and an action() dispatcher to execute these steps dynamically, logging each action. It serves as a base for concrete participant types."
JamesZBL,CourseStudent.java,Facade,https://github.com/SamSike/DPS-Corpus/blob/main/JamesZBL/facade/CourseStudent.java,"CourseStudent in a facade pattern represents a student as a concrete implementation of CourseParticipator. It overrides the name() method to return ""Student"" (in mandarin), enabling event driven actions like preparing, attending, and finishing class through the inherited behaviour from the abstract base class."
JamesZBL,CourseTeacher.java,Facade,https://github.com/SamSike/DPS-Corpus/blob/main/JamesZBL/facade/CourseTeacher.java,"CourseTeacher class inside the facade pattern represents a teacher as a concrete implementation of CourseParticipator. It overrides the name() method enabling event driven actions like preparing, teaching, and finishing class through inherited behaviour from the abstract base class."
JamesZBL,Application.java,Client (no pattern),https://github.com/SamSike/DPS-Corpus/blob/main/JamesZBL/factory-method/Application.java,"Application demonstrates the Factory Method pattern. It uses different Cook implementations (WesternCook, ChineseCook) to create Food objects of types COLD and HOT. It logs the prepared food, showing how object creation is delegated to subclasses for flexibility."
JamesZBL,ChineseCook.java,Factory Method,https://github.com/SamSike/DPS-Corpus/blob/main/JamesZBL/factory-method/ChineseCook.java,"ChineseCook implements the Cook interface for Chinese cuisine. It overrides cookFood() to create and return a ChineseFood object based on the specified FoodType, serving as a concrete factory in the Factory Method pattern."
JamesZBL,ChineseFood.java,Factory Method,https://github.com/SamSike/DPS-Corpus/blob/main/JamesZBL/factory-method/ChineseFood.java,"ChineseFood represents a Chinese food item. It stores a FoodType, provides a getter, and overrides toString() to return the food type’s name. It serves as a concrete product in the Factory Method pattern."
JamesZBL,Cook.java,Factory Method,https://github.com/SamSike/DPS-Corpus/blob/main/JamesZBL/factory-method/Cook.java,"Cook interface defines a Cook contract with a single method cookFood(FoodType foodType). It represents the creator role in the Factory Method pattern, allowing different implementations to produce specific Food objects based on the given type."
JamesZBL,Food.java,Factory Method,https://github.com/SamSike/DPS-Corpus/blob/main/JamesZBL/factory-method/Food.java,"The Food interface defines a Food contract with a single method getFoodType(). It represents the product role in the Factory Method pattern, allowing different concrete food classes to specify and return their associated FoodType."
JamesZBL,FoodType.java,Factory Method,https://github.com/SamSike/DPS-Corpus/blob/main/JamesZBL/factory-method/FoodType.java,FoodType enum defines FoodType with two constants: HOT and COLD. Each type stores a descriptive name and provides a getName() method. It categorises food temperature for use in the Factory Method pattern when creating specific food objects.
JamesZBL,WesternCook.java,Factory Method,https://github.com/SamSike/DPS-Corpus/blob/main/JamesZBL/factory-method/WesternCook.java,"westernCook implements the Cook interface for Western cuisine. It overrides cookFood() to create and return a WesternFood object based on the given FoodType, acting as a concrete factory in the Factory Method pattern."
JamesZBL,WesternFood.java,Factory Method,https://github.com/SamSike/DPS-Corpus/blob/main/JamesZBL/factory-method/WesternFood.java,"WesternFood class represents a Western food item. It stores a FoodType, provides a getter, and overrides toString() to return the food type’s name. It serves as a concrete product in the Factory Method pattern."
JamesZBL,Application.java,Client (no pattern),https://github.com/SamSike/DPS-Corpus/blob/main/JamesZBL/memento/Application.java,"A client inside the Memento pattern. It shows a Flower grows through stages, saving each state as a Plant memento onto a Stack. Later, it restores previous states by popping mementos, logging each transition to show undo/rollback of object state."
JamesZBL,Flower.java,Memento,https://github.com/SamSike/DPS-Corpus/blob/main/JamesZBL/memento/Flower.java,"The Flower is  an origintor in the Mmemnto pattern. It models a Flower with attributes like type, name, height, and weight. It simulates growth by updating size and state, supports saving and restoring state using an inner FlowerMemento class, and implements Plant enabling rollback of previous states."
JamesZBL,FlowerType.java,Memento,https://github.com/SamSike/DPS-Corpus/blob/main/JamesZBL/memento/FlowerType.java,"The FlowerType enum defines FlowerType with five growth stages: SEED, BURGEON, BUD, BLOOM, and DEAD. Each constant stores a descriptive name in Chinese and overrides toString() to return it, representing the lifecycle states of a flower for use in the Memento pattern."
JamesZBL,Plant.java,Memento,https://github.com/SamSike/DPS-Corpus/blob/main/JamesZBL/memento/Plant.java,"The Plant interface defines a Plant contract with methods to get weight, height, and type (FlowerType). It serves as a common abstraction for both the originator (Flower) and its memento in the Memento pattern, enabling consistent state representation."
JamesZBL,Application.java,Client (no pattern),https://github.com/SamSike/DPS-Corpus/blob/main/JamesZBL/observer/Application.java,"Application class demonstrates the Observer pattern. A Time subject registers two observers (Northern and Southern) and repeatedly calls passing(), triggering notifications to all observers. It shows how state changes in the subject propagate updates to multiple observers."
JamesZBL,Northern.java,Observer,https://github.com/SamSike/DPS-Corpus/blob/main/JamesZBL/observer/Northern.java,"The Northern class is a subscriber (observer) in the Observer Pattern. It implements the TimeObserver interface for Northern people. In update(), it logs and outputs different meals based on the TimePoint (morning, noon, afternoon, evening)."
JamesZBL,Southern.java,Observer,https://github.com/SamSike/DPS-Corpus/blob/main/JamesZBL/observer/Southern.java,"This Southern Class is a subscriber (observer) in the Observer design pattern. It implements TimeObserver for Southern people. In update(), it logs and displays different meals based on the TimePoint (morning, noon, afternoon, evening)."
JamesZBL,Time.java,Observer,https://github.com/SamSike/DPS-Corpus/blob/main/JamesZBL/observer/Time.java,The Time class acts as a publisher in the Observer pattern. It maintains a list of subscribers (TimeObserver objects) and notifies them whenever the time state changes. Observers subscribe via addObserver() and receive updates through notifyObservers().
JamesZBL,TimeObserver.java,Observer,https://github.com/SamSike/DPS-Corpus/blob/main/JamesZBL/observer/TimeObserver.java,TimeObserver interface defines a contract for observers in the time system. It declares a single method update(TimePoint time) that must be implemented by classes to receive and handle time updates from the publisher.
JamesZBL,TimePoint.java,Observer,https://github.com/SamSike/DPS-Corpus/blob/main/JamesZBL/observer/TimePoint.java,"TimePoint enum represents four time points in a day: MORNING, NOON, AFTERNOON, EVENING, each with a Chinese name. It overrides toString() to return the localized name instead of the enum constant."
JamesZBL,Application.java,Client (no pattern),https://github.com/SamSike/DPS-Corpus/blob/main/JamesZBL/singleton/Application.java,"Application demonstrates various Singleton pattern implementations in Java: eager initialization, lazy initialization, thread-safe lazy loading, double-checked locking, and enum-based singleton. It retrieves instances of each type and logs them to verify that only one instance exists per implementation."
JamesZBL,Director.java,Singleton,https://github.com/SamSike/DPS-Corpus/blob/main/JamesZBL/singleton/Director.java,"Director class implements an eager (hungry) Singleton pattern. It creates a single Director instance at class load time, ensures thread safety, hides the constructor, and provides a getInstance() method for global access to that instance."
JamesZBL,EnumDirector.java,Singleton,https://github.com/SamSike/DPS-Corpus/blob/main/JamesZBL/singleton/EnumDirector.java,"EnumDirector implements a Singleton using an enum. EnumDirector guarantees a single instance (INSTANCE), provides inherent thread safety and serialization, and overrides toString() to return the class name and hash code for identification."
JamesZBL,LazyInitializationDirector.java,Singleton,https://github.com/SamSike/DPS-Corpus/blob/main/JamesZBL/singleton/LazyInitializationDirector.java,"LazyInitilizationDirector implements a lazy loaded Singleton using a static inner class. The instance is created only when getInstance() is called, ensuring thread safety and efficient resource usage. The private constructor prevents external instantiation."
JamesZBL,ThreadSafeDoubleCheckLocking.java,Singleton,https://github.com/SamSike/DPS-Corpus/blob/main/JamesZBL/singleton/ThreadSafeDoubleCheckLocking.java,"ThreadSafeDoubleCheckLocking implements a thread-safe, lazy Singleton using double-checked locking with a volatile instance for visibility. Uses a local variable for performance, synchronizes only on first initialization, and prevents reflective instantiation by throwing if an instance exists."
JamesZBL,ThreadSafeLazyLoadDirector.java,Singleton,https://github.com/SamSike/DPS-Corpus/blob/main/JamesZBL/singleton/ThreadSafeLazyLoadDirector.java,ThreadSafeLazyLoadDirector class implements a thread-safe lazy Singleton. It uses a volatile instance and a synchronized getInstance() method to ensure only one instance is created when first accessed. The private constructor prevents external instantiation and blocks reflective creation if an instance already exists.
JamesZBL,Application.java,Client (no pattern),https://github.com/SamSike/DPS-Corpus/blob/main/JamesZBL/visitor/Application.java,"Application is the client in the Visitor pattern. It builds an element hierarchy that is Boss to Manager to Engineer and applies different visitors (BossVisitor, ManagerVisitor, EngineerVisitor) on the root element, triggering visitor specific operations across the structure."
JamesZBL,Boss.java,Visitor,https://github.com/SamSike/DPS-Corpus/blob/main/JamesZBL/visitor/Boss.java,"Boss is a composite node in the Visitor pattern. It accepts a UnitVisitor via beVisited, calls visitor.visitBoss(this), then delegates visitation to its child units through super.beVisited(visitor), enabling visitor operations to traverse and act on the hierarchy."
JamesZBL,BossVisitor.java,Visitor,https://github.com/SamSike/DPS-Corpus/blob/main/JamesZBL/visitor/BossVisitor.java,"BossVisitor is a concrete visitor in the Visitor pattern. It implements UnitVisitor, performs an operation when visiting a Boss (logs a greeting), and provides no actions for Engineer or Manager. It encapsulates behavior applied to elements without changing their classes."
JamesZBL,Engineer.java,Visitor,https://github.com/SamSike/DPS-Corpus/blob/main/JamesZBL/visitor/Engineer.java,Engineer is a concrete element in the Visitor pattern. It overrides beVisited to call visitor.visitEngineer(this) and then delegates to its parent for further traversal. This allows visitors to apply specific operations to Engineer objects within the object structure.
JamesZBL,EngineerVisitor.java,Visitor,https://github.com/SamSike/DPS-Corpus/blob/main/JamesZBL/visitor/EngineerVisitor.java,"EngineerVisitor is a concrete visitor in the Visitor pattern. It implements UnitVisitor and defines behavior for Engineer elements by logging a greeting, while leaving Boss and Manager visit methods empty. It encapsulates operations applied specifically to engineers without modifying their classes."
JamesZBL,Manager.java,Visitor,https://github.com/SamSike/DPS-Corpus/blob/main/JamesZBL/visitor/Manager.java,"Manager is a concrete element in the Visitor pattern. It overrides beVisited to invoke visitor.visitManager(this) and then delegates to its child units via super.beVisited(visitor), enabling visitors to perform operations on managers and traverse the hierarchy."
JamesZBL,ManagerVisitor.java,Visitor,https://github.com/SamSike/DPS-Corpus/blob/main/JamesZBL/visitor/ManagerVisitor.java,"ManagerVisitor is a concrete visitor in the Visitor pattern. It implements UnitVisitor and defines behavior for Manager elements by logging a greeting, while leaving Boss and Engineer visit methods empty. It encapsulates operations specific to managers without altering their classes."
JamesZBL,Unit.java,Visitor,https://github.com/SamSike/DPS-Corpus/blob/main/JamesZBL/visitor/Unit.java,"Unit is an abstract class and composite base in the Visitor pattern. It holds child elements and defines beVisited(UnitVisitor visitor) to propagate visitor operations to its children, enabling traversal of the object structure while concrete subclasses handle specific visitor interactions."
JamesZBL,UnitVisitor.java,Visitor,https://github.com/SamSike/DPS-Corpus/blob/main/JamesZBL/visitor/UnitVisitor.java,"UnitVisitor is the visitor interface in the Visitor pattern. It declares methods for visiting each concrete element type (Engineer, Boss, Manager), enabling different visitor implementations to define operations applied to these elements without modifying their classes."
Spring Framework,BeanFactory,Visitor,https://github.com/spring-projects/spring-framework/blob/main/spring-beans/src/main/java/org/springframework/beans/factory/BeanFactory.java,"BeanFactory defines the Abstract Factory for Spring beans. It provides methods to retrieve bean instances by name or type, enabling decoupled object creation and lifecycle management across the framework."
Spring Framework,ListableBeanFactory,AbstractFactory,https://github.com/spring-projects/spring-framework/blob/main/spring-beans/src/main/java/org/springframework/beans/factory/ListableBeanFactory.java,"ListableBeanFactory extends BeanFactory to list multiple beans by type or annotation. It Implements Abstract Factory for families of related beans, supporting flexible dependency resolution."
Spring Framework,HierarchicalBeanFactory,AbstractFactory,https://github.com/spring-projects/spring-framework/blob/main/spring-beans/src/main/java/org/springframework/beans/factory/HierarchicalBeanFactory.java,"It adds parent-child factory hierarchy to BeanFactory. Uses Abstract Factory to allow bean creation across nested contexts, promoting modular configuration."
Spring Framework,AutowireCapableBeanFactory,AbstractFactory,https://github.com/spring-projects/spring-framework/blob/main/spring-beans/src/main/java/org/springframework/beans/factory/config/AutowireCapableBeanFactory.java,It specialized Abstract Factory that creates and autowires beans dynamically. It applies dependency injection and lifecycle callbacks for advanced bean management.
Spring Framework,ClientHttpRequestFactory,AbstractFactory,https://github.com/spring-projects/spring-framework/blob/main/spring-web/src/main/java/org/springframework/http/client/ClientHttpRequestFactory.java,"ClientHTTPRequestFactory is an Abstract Factory class that creates HTTP request objects across different client implementations, enabling pluggable networking strategies."
Spring Framework,AdaptableJobFactory,Factory Method,https://github.com/spring-projects/spring-framework/blob/498b0c231bf759a0d4f3f6710e9c4025ea2a2120/spring-context-support/src/main/java/org/springframework/scheduling/quartz/AdaptableJobFactory.java#L4,"AdaptableJobFactory is a part of Factory Method Pattern that creates Quartz job instances via reflection and adapts them to Job. It returns the object directly if it implements Job, or wraps a Runnable in DelegatingJob. Otherwise, it throws an error. Used by Quartz to instantiate and execute jobs within Spring."
Spring Framework,SchedulerFactoryBean,Factory Method,https://github.com/spring-projects/spring-framework/blob/main/spring-context-support/src/main/java/org/springframework/scheduling/quartz/SchedulerFactoryBean.java,"SchedulerFactoryBean is a Factory Method implementation that produces a configured Quartz Scheduler as a Spring bean, encapsulating complex setup logic."
Spring Framework,JobDetailFactoryBean,Factory Method,https://github.com/spring-projects/spring-framework/blob/main/spring-context-support/src/main/java/org/springframework/scheduling/quartz/JobDetailFactoryBean.java,JobDetailfactoryBean uses Factory Method to create Quartz JobDetail objects. Simplifies job configuration for Spring-managed schedulers.
Spring Framework,MethodInvokingJobDetailFactoryBean ,Factory Method,https://github.com/spring-projects/spring-framework/blob/main/spring-context-support/src/main/java/org/springframework/scheduling/quartz/MethodInvokingJobDetailFactoryBean.java,"MethodInvokingJobDetailFactoryBean is a Factory Method class that builds JobDetail to invoke a specific method on a target object, enabling declarative job execution."
Spring Framework,CronTriggerFactoryBean ,Factory Method,https://github.com/spring-projects/spring-framework/blob/main/spring-context-support/src/main/java/org/springframework/scheduling/quartz/CronTriggerFactoryBean.java,"CronTriggerFactoryBean Implements Factory Method to create Quartz CronTrigger instances, abstracting trigger configuration for scheduled tasks."
Spring Framework,DefaultSingletonBeanRegistry,Singleton,https://github.com/spring-projects/spring-framework/blob/main/spring-beans/src/main/java/org/springframework/beans/factory/support/DefaultSingletonBeanRegistry.java,"DefaultSingletonBeanResgitry is a core Singleton manager in Spring. Maintains a cache of singleton beans, ensuring one shared instance per bean definition."
Spring Framework,SingletonBeanRegistry ,Singleton,https://github.com/spring-projects/spring-framework/blob/main/spring-beans/src/main/java/org/springframework/beans/factory/config/SingletonBeanRegistry.java,"SingletonBeanRegistry defines the Singleton contract for registering and retrieving shared bean instances, forming the backbone of Spring’s singleton scope"
Spring Framework,SmartInitializingSingleton ,Singleton,https://github.com/spring-projects/spring-framework/blob/main/spring-beans/src/main/java/org/springframework/beans/factory/SmartInitializingSingleton.java,SmartInitializingSingleton is a singleton callback interface for post-initialization of all singletons. It supports Singleton lifecycle management after container setup.
Spring Framework,SingletonSupplier ,Singleton,https://github.com/spring-projects/spring-framework/blob/main/spring-core/src/main/java/org/springframework/util/function/SingletonSupplier.java,SingletonSupplier is a utility class implementing Singleton pattern via lazy initialization and caching. It ensures a single computed instance per supplier.
Spring Framework,DefaultListableBeanFactory,Singleton,https://github.com/spring-projects/spring-framework/blob/main/spring-beans/src/main/java/org/springframework/beans/factory/support/DefaultListableBeanFactory.java,DefaultListableBeanFactory is central bean factory enforcing Singleton scope by default. It integrates with DefaultSingletonBeanRegistry for instance caching and lifecycle control.
Spring Framework,IsolationLevelDataSourceAdapter,Adapter,https://github.com/SamSike/DPS-Corpus/blob/open-source/spring-framework/spring-jdbc/src/main/java/org/springframework/jdbc/datasource/IsolationLevelDataSourceAdapter.java,This code defines a Spring component that acts as a smart wrapper around a database connection pool. Its main job is to automatically configure every new database connection with the correct settings (isolation level and read-only flag) based on the current active Spring transaction.
Spring Framework,HttpRequestHandlerAdapter,Adapter,https://github.com/SamSike/DPS-Corpus/blob/open-source/spring-framework/spring-webmvc/src/main/java/org/springframework/web/servlet/mvc/HttpRequestHandlerAdapter.java,"HTTPRequestHandlerAdepter as a part of an adapter pattern bridges HttpRequestHandler to Spring MVC’s HandlerAdapter interface, enabling simple request handlers to integrate with the DispatcherServlet workflow."
Spring Framework,MethodBeforeAdviceAdapter,Adapter,https://github.com/spring-projects/spring-framework/blob/main/spring-aop/src/main/java/org/springframework/aop/framework/adapter/MethodBeforeAdviceAdapter.java,"MethodBeforeAdviceAdapter as a prt of adpater pattern wraps MethodBeforeAdvice as a MethodInterceptor, enabling uniform handling of different advice types in the AOP framework."
Spring Framework,SimpleControllerHandlerAdapter,Adapter,https://github.com/spring-projects/spring-framework/blob/main/spring-webmvc/src/main/java/org/springframework/web/servlet/mvc/SimpleControllerHandlerAdapter.java,"SimpleControllerHandlerAdapter is a part of an adapter pattern that bridges the legacy Controller interface to the generic HandlerAdapter expected by the DispatcherServlet, translating calls so controllers can be invoked uniformly"
Spring Framework,ScopedProxyBeanDefinitionDecorator,Decorator,https://github.com/spring-projects/spring-framework/blob/498b0c231bf759a0d4f3f6710e9c4025ea2a2120/spring-aop/src/main/java/org/springframework/aop/config/ScopedProxyBeanDefinitionDecorator.java#L4,"The ScopedProxyBeanDefinitionDecorator class uses the decorater design pattern. It decorates Spring bean definitions by wrapping them in scoped proxies using ScopedProxyUtils. It reads the proxy-target-class attribute from XML, creates a proxy around the original bean, and registers both definitions for tooling support, enabling dynamic proxy behavior without altering the original bean."
Spring Framework,BufferingClientHttpResponseWrapper,Decorator,https://github.com/spring-projects/spring-framework/blob/main/spring-web/src/main/java/org/springframework/http/client/BufferingClientHttpResponseWrapper.java,"BufferingClientHttpResponseWrapper as a part of Decorator pattern adds buffering to ClientHttpResponse for repeated body reads, extending functionality while maintaining the original interface."
Spring Framework,ContentCachingRequestWrapper,Decorator,https://github.com/spring-projects/spring-framework/blob/main/spring-web/src/main/java/org/springframework/web/util/ContentCachingRequestWrapper.java,"ContentCachingRequestWrapper being in Decorator pattern wraps HttpServletResponse to buffer response data, enabling content inspection or logging while preserving the same servlet API."
Spring Framework,WebSocketHandlerDecorator,Decorator,https://github.com/SamSike/DPS-Corpus/blob/open-source/spring-framework/spring-websocket/src/main/java/org/springframework/web/socket/handler/WebSocketHandlerDecorator.java,"WebSocketHandlerDecorator as a part of a decorator pattern wraps a WebSocketHandler and delegates all operations to it. It provides methods to access the original or innermost handler. This class uses the Decorator pattern, enabling additional behavior around WebSocket handling without modifying the core handler implementation."
Spring Framework,JDBCTemplate,Facade,https://github.com/spring-projects/spring-framework/blob/main/spring-jdbc/src/main/java/org/springframework/jdbc/core/JdbcTemplate.java,"JDBCTemplate class is a facade pattern  that provides a simplified API for JDBC operations, hiding resource management and error handling behind a clean, high-level interface."
Spring Framework,JmsTemplate,Facade,https://github.com/spring-projects/spring-framework/blob/main/spring-jms/src/main/java/org/springframework/jms/core/JmsTemplate.java,"JMSTemplate simplifies JMS messaging by encapsulating session, producer, and consumer management, exposing an easy-to-use facade for messaging tasks."
Spring Framework,RestTemplate,Facade,https://github.com/spring-projects/spring-framework/blob/main/spring-web/src/main/java/org/springframework/web/client/RestTemplate.java,"RestTemplate in facade pattern offers a unified interface for HTTP operations, abstracting complexity of request execution and message conversion for REST clients."
Spring Framework,TransactionTemplate,Facade,https://github.com/spring-projects/spring-framework/blob/main/spring-tx/src/main/java/org/springframework/transaction/support/TransactionTemplate.java,"TransactionTemplate provides a compact, callback-style interface for programmatic transactions, encapsulating PlatformTransactionManager usage as a facade for transaction demarcation."
Spring Framework,ApplicationEventPublisher,Observer,https://github.com/spring-projects/spring-framework/blob/main/spring-context/src/main/java/org/springframework/context/ApplicationEventPublisher.java,"ApplicationEventPublisher is a part of the Observer pattern. It defines the subject interface for publishing events to registered listeners, enabling decoupled communication between components."
Spring Framework,ApplicationListener,Observer,https://github.com/spring-projects/spring-framework/blob/main/spring-context/src/main/java/org/springframework/context/ApplicationListener.java,ActionListeners is a part of the Observer pattern and it represents the observer interface; classes implement it to receive and handle application events asynchronously or synchronously.
Spring Framework,AbstractApplicationEventMulticaster ,Observer,https://github.com/spring-projects/spring-framework/blob/main/spring-context/src/main/java/org/springframework/context/event/AbstractApplicationEventMulticaster.java,"ApplicationEventMulticaster is a part of the Observer pattern that manages listener registration and dispatches events to all observers, acting as the core event notification mechanism."
Spring Framework,SavepointManager,Memento,https://github.com/spring-projects/spring-framework/blob/main/spring-tx/src/main/java/org/springframework/transaction/SavepointManager.java,"SavePointManager defines operations for creating, rolling back, and releasing savepoints, encapsulating transaction state snapshots."
Spring Framework,AbstractTransactionStatus ,Memento,https://github.com/spring-projects/spring-framework/blob/main/spring-tx/src/main/java/org/springframework/transaction/support/AbstractTransactionStatus.java,"AbstractTransactionStatus maintains transactional state and manages savepoints, enabling rollback to previous states without exposing internals."
Spring Framework,SimpleApplicationEventMulticaster,Memento,https://github.com/spring-projects/spring-framework/blob/main/spring-context/src/main/java/org/springframework/context/event/SimpleApplicationEventMulticaster.java,"SimpleApplicationEventMulticaster is a part of memento pattern that provides a Concrete implementation that delivers events to listeners, supporting synchronous and asynchronous execution modes."
Spring Framework,BeanDefinitionVisitor ,Visitor,https://github.com/spring-projects/spring-framework/blob/main/spring-beans/src/main/java/org/springframework/beans/factory/config/BeanDefinitionVisitor.java,"BeanDefinitionVisitor is a part of the visior pattern traverses bean definitions to modify or resolve metadata, separating traversal logic from bean structure."
