Project Name,Folder Name,File Name,Summary
"AbdurRKhalid","Abstract Factory","WindowsOSFactory.java","abstract_factory: WindowsOSFactory acts as a factory for GUIFactory, which overrides createButton method of GUIFactory, createCheckBox method of GUIFactory. It is a public class that implements GUIFactory. The 2 methods of WindowsOSFactory are createButton (Button) and createCheckBox (CheckBox). No methods call createButton and createButton calls no methods. No methods call createCheckBox and createCheckBox calls no methods.   memento: WindowsOSFactory acts as an originator for memento CheckBox, which creates a CheckBox Check Box to. WindowsOSFactory acts as an originator for memento Button, which creates a Button Button to. It is a public class that implements GUIFactory. The 2 methods of WindowsOSFactory are createButton (Button) and createCheckBox (CheckBox). No methods call createButton and createButton calls no methods. No methods call createCheckBox and createCheckBox calls no methods.   factory_method: WindowsOSFactory acts as a factory method for CheckBox, which is inherited by..."
"AbdurRKhalid","Abstract Factory","WindowsButton.java","abstract_factory: WindowsButton acts as a product for GUIFactory, which overrides paint method of Button. It is a public class that implements Button. The only method of WindowsButton is paint (void). No methods call paint and paint calls no methods.   memento: WindowsButton acts as a memento, which paints. It is a public class that implements Button. The only method of WindowsButton is paint (void). No methods call paint and paint calls no methods."
"AbdurRKhalid","Abstract Factory","Button.java","abstract_factory: Button acts as an abstract product for Button, which is inherited by WindowsButton, MacOSButton. It is a public interface. The only method of Button is paint (void). No methods call paint and paint calls no methods.   memento: Button acts as a memento, which is inherited by WindowsButton, MacOSButton, which paints. It is a public interface. The only method of Button is paint (void). No methods call paint and paint calls no methods."
"AbdurRKhalid","Abstract Factory","Test.java","Test does not have any design pattern.  It is a public class. The only method of Test is main (void). No methods call main and main calls only one method : paint method of class Application."
"AbdurRKhalid","Abstract Factory","CheckBox.java","abstract_factory: CheckBox acts as an abstract product for CheckBox, which is inherited by WindowsCheckBox, MacOSCheckBox. It is a public interface. The only method of CheckBox is paint (void). No methods call paint and paint calls no methods.   memento: CheckBox acts as a memento, which is inherited by WindowsCheckBox, MacOSCheckBox, which paints. It is a public interface. The only method of CheckBox is paint (void). No methods call paint and paint calls no methods.   factory_method: CheckBox acts as an abstract product for WindowsOSFactory, which is inherited by WindowsCheckBox, MacOSCheckBox. It is a public interface. The only method of CheckBox is paint (void). No methods call paint and paint calls no methods."
"AbdurRKhalid","Abstract Factory","MacOSFactory.java","abstract_factory: MacOSFactory acts as a factory for GUIFactory, which overrides createButton method of GUIFactory, createCheckBox method of GUIFactory. It is a public class that implements GUIFactory. The 2 methods of MacOSFactory are createButton (Button) and createCheckBox (CheckBox). No methods call createButton and createButton calls no methods. No methods call createCheckBox and createCheckBox calls no methods.   memento: MacOSFactory acts as an originator for memento Button, which creates a Button Button to. MacOSFactory acts as an originator for memento CheckBox, which creates a CheckBox Check Box to. It is a public class that implements GUIFactory. The 2 methods of MacOSFactory are createButton (Button) and createCheckBox (CheckBox). No methods call createButton and createButton calls no methods. No methods call createCheckBox and createCheckBox calls no methods."
"AbdurRKhalid","Abstract Factory","MacOSButton.java","abstract_factory: MacOSButton acts as a product for GUIFactory, which overrides paint method of Button. It is a public class that implements Button. The only method of MacOSButton is paint (void). No methods call paint and paint calls no methods.   memento: MacOSButton acts as a memento, which paints. It is a public class that implements Button. The only method of MacOSButton is paint (void). No methods call paint and paint calls no methods."
"AbdurRKhalid","Abstract Factory","WindowsCheckBox.java","abstract_factory: WindowsCheckBox acts as a product for GUIFactory, which overrides paint method of CheckBox. It is a public class that implements CheckBox. The only method of WindowsCheckBox is paint (void). No methods call paint and paint calls no methods.   memento: WindowsCheckBox acts as a memento, which paints. It is a public class that implements CheckBox. The only method of WindowsCheckBox is paint (void). No methods call paint and paint calls no methods.   factory_method: WindowsCheckBox acts as a product for WindowsOSFactory, which overrides paint method of CheckBox. It is a public class that implements CheckBox. The only method of WindowsCheckBox is paint (void). No methods call paint and paint calls no methods."
"AbdurRKhalid","Abstract Factory","Application.java","memento: Application acts as a caretaker for memento CheckBox, which paints. Application acts as a caretaker for memento Button, which paints. It is a public class. The only method of Application is paint (void). Only one method ( main method of class Test ) calls paint and paint calls no methods."
"AbdurRKhalid","Abstract Factory","MacOSCheckBox.java","abstract_factory: MacOSCheckBox acts as a product for GUIFactory, which overrides paint method of CheckBox. It is a public class that implements CheckBox. The only method of MacOSCheckBox is paint (void). No methods call paint and paint calls no methods.   memento: MacOSCheckBox acts as a memento, which paints. It is a public class that implements CheckBox. The only method of MacOSCheckBox is paint (void). No methods call paint and paint calls no methods.   factory_method: MacOSCheckBox acts as a product for WindowsOSFactory, which overrides paint method of CheckBox. It is a public class that implements CheckBox. The only method of MacOSCheckBox is paint (void). No methods call paint and paint calls no methods."
"AbdurRKhalid","Abstract Factory","GUIFactory.java","abstract_factory: GUIFactory acts as an abstract factory for Button, CheckBox, which is inherited by WindowsOSFactory, MacOSFactory. It is a public interface. The 2 methods of GUIFactory are createButton (Button) and createCheckBox (CheckBox). No methods call createButton and createButton calls no methods. No methods call createCheckBox and createCheckBox calls no methods.   memento: GUIFactory acts as an originator for memento Button, which is inherited by, which creates a Button Button to. GUIFactory acts as an originator for memento CheckBox, which is inherited by, which creates a CheckBox Check Box to. It is a public interface. The 2 methods of GUIFactory are createButton (Button) and createCheckBox (CheckBox). No methods call createButton and createButton calls no methods. No methods call createCheckBox and createCheckBox calls no methods.   factory_method: GUIFactory acts as a factory for WindowsOSFactory, which overrides. It is a public interface. The 2 methods of GUIFactory are..."
"AbdurRKhalid","Adapter","RoundHole.java","RoundHole does not have any design pattern.  It is a public class. The 2 methods of RoundHole are getRadius (double) and fit (boolean). No methods call getRadius and getRadius calls no methods. No methods call fit and fit calls no methods."
"AbdurRKhalid","Adapter","RoundPeg.java","adapter: RoundPeg acts as a target for adapter SquarePegAdapter, which adapts to RoundPeg. It is a public class. The only method of RoundPeg is getRadius (double). No methods call getRadius and getRadius calls no methods."
"AbdurRKhalid","Adapter","SquarePegAdapter.java","adapter: SquarePegAdapter acts as an adapter, which adapts to RoundPeg. It is a public class that extends RoundPeg. The only method of SquarePegAdapter is getRadius (double). No methods call getRadius and getRadius calls no methods."
"AbdurRKhalid","Adapter","Test.java","Test does not have any design pattern.  It is a public class. The only method of Test is main (void). No methods call main and main calls no methods."
"AbdurRKhalid","Adapter","SquarePeg.java","adapter: SquarePeg acts as an adaptee for adapter SquarePegAdapter, which adapts to RoundPeg, which adapts to RoundPeg. It is a public class. The 2 methods of SquarePeg are getWidth (double) and getSquare (double). No methods call getWidth and getWidth calls no methods. No methods call getSquare and getSquare calls no methods."
"AbdurRKhalid","Decorator","DataSourceDecorator.java","DataSourceDecorator does not have any design pattern.  It is a public class that implements DataSource. The 2 methods of DataSourceDecorator are writeData (void) and readData (String). Only one method ( main method of class Test ) calls writeData and writeData calls no methods. Only one method ( main method of class Test ) calls readData and readData calls no methods."
"AbdurRKhalid","Decorator","EncryptionDecorator.java","EncryptionDecorator does not have any design pattern.  It is a public class that extends DataSourceDecorator. The 4 methods of EncryptionDecorator are writeData (void), readData (String), encode (String) and decode (String). No methods call writeData and writeData calls only one method : encode method of class EncryptionDecorator. No methods call readData and readData calls no methods. Only one method ( writeData method of class EncryptionDecorator ) calls encode and encode calls no methods. No methods call decode and decode calls no methods."
"AbdurRKhalid","Decorator","Test.java","Test does not have any design pattern.  It is a public class. The only method of Test is main (void). No methods call main and main calls 3 methods : writeData method of class DataSourceDecorator, readData method of class DataSource and readData method of class DataSourceDecorator."
"AbdurRKhalid","Decorator","CompressionDecorator.java","CompressionDecorator does not have any design pattern.  It is a public class that extends DataSourceDecorator. The 6 methods of CompressionDecorator are getCompressionLevel (int), setCompressionLevel (void), writeData (void), readData (String), compress (String) and decompress (String). No methods call getCompressionLevel and getCompressionLevel calls no methods. No methods call setCompressionLevel and setCompressionLevel calls no methods. No methods call writeData and writeData calls only one method : compress method of class CompressionDecorator. No methods call readData and readData calls no methods. Only one method ( writeData method of class CompressionDecorator ) calls compress and compress calls no methods. No methods call decompress and decompress calls no methods."
"AbdurRKhalid","Decorator","FileDataSource.java","FileDataSource does not have any design pattern.  It is a public class that implements DataSource. The 2 methods of FileDataSource are writeData (void) and readData (String). No methods call writeData and writeData calls no methods. No methods call readData and readData calls no methods."
"AbdurRKhalid","Decorator","DataSource.java","DataSource does not have any design pattern.  It is a public interface. The 2 methods of DataSource are writeData (void) and readData (String). No methods call writeData and writeData calls no methods. Only one method ( main method of class Test ) calls readData and readData calls no methods."
"AbdurRKhalid","Facade","Codec.java","memento: Codec acts as a memento, which is inherited by OggCompressionCodec, MPEG4CompressionCodec. It is a public interface."
"AbdurRKhalid","Facade","OggCompressionCodec.java","memento: OggCompressionCodec acts as a memento. It is a public class that implements Codec."
"AbdurRKhalid","Facade","Test.java","Test does not have any design pattern.  It is a public class. The only method of Test is main (void). No methods call main and main calls only one method : convertVideo method of class VideoConversionFacade."
"AbdurRKhalid","Facade","VideoConversionFacade.java","VideoConversionFacade does not have any design pattern.  It is a public class. The only method of VideoConversionFacade is convertVideo (File). Only one method ( main method of class Test ) calls convertVideo and convertVideo calls 4 methods : read method of class BitrateReader, extract method of class CodecFactory, convert method of class BitrateReader and fix method of class AudioMixer."
"AbdurRKhalid","Facade","VideoFile.java","VideoFile does not have any design pattern.  It is a public class. The 2 methods of VideoFile are getCodecType (String) and getName (String). Only one method ( extract method of class CodecFactory ) calls getCodecType and getCodecType calls no methods. No methods call getName and getName calls no methods."
"AbdurRKhalid","Facade","AudioMixer.java","AudioMixer does not have any design pattern.  It is a public class. The only method of AudioMixer is fix (File). Only one method ( convertVideo method of class VideoConversionFacade ) calls fix and fix calls no methods."
"AbdurRKhalid","Facade","CodecFactory.java","memento: CodecFactory acts as an originator for memento Codec, which extracts Codec. It is a public class. The only method of CodecFactory is extract (Codec). Only one method ( convertVideo method of class VideoConversionFacade ) calls extract and extract calls only one method : getCodecType method of class VideoFile."
"AbdurRKhalid","Facade","MPEG4CompressionCodec.java","memento: MPEG4CompressionCodec acts as a memento. It is a public class that implements Codec."
"AbdurRKhalid","Facade","BitrateReader.java","BitrateReader does not have any design pattern.  It is a public class. The 2 methods of BitrateReader are read (VideoFile) and convert (VideoFile). Only one method ( convertVideo method of class VideoConversionFacade ) calls read and read calls no methods. Only one method ( convertVideo method of class VideoConversionFacade ) calls convert and convert calls no methods."
"AbdurRKhalid","Factory Method","WindowsButton.java","memento: WindowsButton acts as a memento, which ons Click, which ons Click. It is a public class that implements Button. The 2 methods of WindowsButton are render (void) and onClick (void). No methods call render and render calls only one method : onClick method of class WindowsButton. Only one method ( render method of class WindowsButton ) calls onClick and onClick calls no methods.   factory_method: WindowsButton acts as a product for Dialog, which overrides render method of Button, onClick method of Button. It is a public class that implements Button. The 2 methods of WindowsButton are render (void) and onClick (void). No methods call render and render calls only one method : onClick method of class WindowsButton. Only one method ( render method of class WindowsButton ) calls onClick and onClick calls no methods."
"AbdurRKhalid","Factory Method","Button.java","memento: Button acts as a memento, which is inherited by WindowsButton, HtmlButton, which ons Click, which ons Click. It is a public interface. The 2 methods of Button are render (void) and onClick (void). No methods call render and render calls no methods. No methods call onClick and onClick calls no methods.   factory_method: Button acts as an abstract product for Dialog, which is inherited by WindowsButton, HtmlButton. It is a public interface. The 2 methods of Button are render (void) and onClick (void). No methods call render and render calls no methods. No methods call onClick and onClick calls no methods."
"AbdurRKhalid","Factory Method","Test.java","Test does not have any design pattern.  It is a public class. The only method of Test is main (void). No methods call main and main calls no methods."
"AbdurRKhalid","Factory Method","Dialog.java","memento: Dialog acts as an originator for memento Button, which is inherited by, which creates a Button Button to. It is a public abstract class. The 2 methods of Dialog are renderWindow (void) and createButton (Button). No methods call renderWindow and renderWindow calls only one method : createButton method of class Dialog. Only one method ( renderWindow method of class Dialog ) calls createButton and createButton calls no methods.   factory_method: Dialog acts as a factory for Dialog, which overrides. Dialog acts as a factory method for Button, which is inherited by Dialog, Dialog. It is a public abstract class. The 2 methods of Dialog are renderWindow (void) and createButton (Button). No methods call renderWindow and renderWindow calls only one method : createButton method of class Dialog. Only one method ( renderWindow method of class Dialog ) calls createButton and createButton calls no methods."
"AbdurRKhalid","Factory Method","WindowsDialog.java","memento: WindowsDialog acts as an originator for memento Button, which creates a Button Button to. It is a public class that extends Dialog. The only method of WindowsDialog is createButton (Button). No methods call createButton and createButton calls no methods."
"AbdurRKhalid","Factory Method","HtmlDialog.java","memento: HtmlDialog acts as an originator for memento Button, which creates a Button Button to. It is a public class that extends Dialog. The only method of HtmlDialog is createButton (Button). No methods call createButton and createButton calls no methods."
"AbdurRKhalid","Factory Method","HtmlButton.java","memento: HtmlButton acts as a memento, which ons Click, which ons Click. It is a public class that implements Button. The 2 methods of HtmlButton are render (void) and onClick (void). No methods call render and render calls only one method : onClick method of class HtmlButton. Only one method ( render method of class HtmlButton ) calls onClick and onClick calls no methods.   factory_method: HtmlButton acts as a product for Dialog, which overrides render method of Button, onClick method of Button. It is a public class that implements Button. The 2 methods of HtmlButton are render (void) and onClick (void). No methods call render and render calls only one method : onClick method of class HtmlButton. Only one method ( render method of class HtmlButton ) calls onClick and onClick calls no methods."
"AbdurRKhalid","Memento","TextEditor.java","TextEditor does not have any design pattern.  It is a public class. The 2 methods of TextEditor are hitSave (void) and hitUndo (void). No methods call hitSave and hitSave calls no methods. No methods call hitUndo and hitUndo calls no methods."
"AbdurRKhalid","Memento","TextWindow.java","TextWindow does not have any design pattern.  It is a public class. The 3 methods of TextWindow are addText (void), save (TextWindowState) and restore (void). No methods call addText and addText calls no methods. No methods call save and save calls no methods. No methods call restore and restore calls no methods."
"AbdurRKhalid","Memento","TextWindowState.java","TextWindowState does not have any design pattern.  It is a public class. The only method of TextWindowState is getText (String). No methods call getText and getText calls no methods."
"AbdurRKhalid","Observer","EmailNotificationListener.java","observer: EmailNotificationListener acts as an observer, which updates String parameter of eventType, File parameter of file. It is a public class that implements EventListener. The only method of EmailNotificationListener is update (void). No methods call update and update calls no methods."
"AbdurRKhalid","Observer","EventManager.java","observer: EventManager acts as a publisher for observer EventListener, which is inherited by, which subscribes String parameter of eventType, EventListener parameter of listener, which unsubscribes String parameter of eventType, EventListener parameter of listener, which notifies String parameter of eventType, File parameter of file. It is a public class. The 3 methods of EventManager are subscribe (void), unsubscribe (void) and notify (void). No methods call subscribe and subscribe calls no methods. No methods call unsubscribe and unsubscribe calls no methods. No methods call notify and notify calls no methods."
"AbdurRKhalid","Observer","EventListener.java","observer: EventListener acts as an observer for publisher EventManager, which is inherited by EmailNotificationListener, LogOpenListener, which updates String parameter of eventType, File parameter of file. It is a public interface. The only method of EventListener is update (void). No methods call update and update calls no methods."
"AbdurRKhalid","Observer","Editor.java","Editor does not have any design pattern.  It is a public class. The 2 methods of Editor are openFile (void) and saveFile (void). No methods call openFile and openFile calls no methods. No methods call saveFile and saveFile calls no methods."
"AbdurRKhalid","Observer","LogOpenListener.java","observer: LogOpenListener acts as an observer, which updates String parameter of eventType, File parameter of file. It is a public class that implements EventListener. The only method of LogOpenListener is update (void). No methods call update and update calls no methods."
"AbdurRKhalid","Singleton","Test.java","Test does not have any design pattern.  It is a public class. The only method of Test is main (void). No methods call main and main calls no methods."
"AbdurRKhalid","Singleton","Singleton.java","Singleton does not have any design pattern.  It is a public class. The only method of Singleton is getInstance (Singleton). No methods call getInstance and getInstance calls no methods."
"AbdurRKhalid","Visitor","ComputerPart.java","visitor: ComputerPart acts as an element for visitor ComputerPart, which is inherited by Monitor, Mouse, Keyboard, Computer, which accepts ComputerPartVisitor parameter of computerPartVisitor. ComputerPart acts as a visitor for element ComputerPart, which is inherited by ComputerPartDisplayVisitor, which accepts ComputerPartVisitor parameter of computerPartVisitor. It is a public interface. The only method of ComputerPart is accept (void). 2 methods ( main method of class Test and accept method of class Computer ) call accept and accept calls no methods."
"AbdurRKhalid","Visitor","Monitor.java","Monitor does not have any design pattern.  It is a public class that extends ComputerPart and that implements ComputerPart. The only method of Monitor is accept (void). No methods call accept and accept calls only one method : visit method of class ComputerPartVisitor."
"AbdurRKhalid","Visitor","Mouse.java","Mouse does not have any design pattern.  It is a public class that extends ComputerPart and that implements ComputerPart. The only method of Mouse is accept (void). No methods call accept and accept calls only one method : visit method of class ComputerPartVisitor."
"AbdurRKhalid","Visitor","ComputerPartDisplayVisitor.java","visitor: ComputerPartDisplayVisitor acts as a visitor for element ComputerPart, which overrides, which visits Computer parameter of computer, which visits Mouse parameter of mouse, which visits Keyboard parameter of keyboard, which visits Monitor parameter of monitor. It is a public class that extends ComputerPartVisitor and that implements ComputerPartVisitor. The 4 methods of ComputerPartDisplayVisitor are visit (void), visit (void), visit (void) and visit (void). No methods call visit and visit calls no methods. No methods call visit and visit calls no methods. No methods call visit and visit calls no methods. No methods call visit and visit calls no methods."
"AbdurRKhalid","Visitor","Test.java","Test does not have any design pattern.  It is a public class. The only method of Test is main (void). No methods call main and main calls only one method : accept method of class ComputerPart."
"AbdurRKhalid","Visitor","Keyboard.java","Keyboard does not have any design pattern.  It is a public class that extends ComputerPart and that implements ComputerPart. The only method of Keyboard is accept (void). No methods call accept and accept calls only one method : visit method of class ComputerPartVisitor."
"AbdurRKhalid","Visitor","Computer.java","Computer does not have any design pattern.  It is a public class that extends ComputerPart and that implements ComputerPart. The only method of Computer is accept (void). No methods call accept and accept calls 2 methods : visit method of class ComputerPartVisitor and accept method of class ComputerPart."
"AbdurRKhalid","Visitor","ComputerPartVisitor.java","ComputerPartVisitor does not have any design pattern.  It is a public interface. The 4 methods of ComputerPartVisitor are visit (void), visit (void), visit (void) and visit (void). 4 methods ( accept method of class Keyboard, accept method of class Mouse, accept method of class Monitor and accept method of class Computer ) call visit and visit calls no methods. 4 methods ( accept method of class Keyboard, accept method of class Mouse, accept method of class Monitor and accept method of class Computer ) call visit and visit calls no methods. 4 methods ( accept method of class Keyboard, accept method of class Mouse, accept method of class Monitor and accept method of class Computer ) call visit and visit calls no methods. 4 methods ( accept method of class Keyboard, accept method of class Mouse, accept method of class Monitor and accept method of class Computer ) call visit and visit calls no methods."
"JamesZBL","abstract-factory","YoungSailor.java","observer: YoungSailor acts as an observer, which gets Description. It is a public class that implements Sailor. The only method of YoungSailor is getDescription (String). No methods call getDescription and getDescription calls no methods.   abstract_factory: YoungSailor acts as a product for TeamFactory, which overrides. It is a public class that implements Sailor. The only method of YoungSailor is getDescription (String). No methods call getDescription and getDescription calls no methods.   memento: YoungSailor acts as a memento, which gets Description. It is a public class that implements Sailor. The only method of YoungSailor is getDescription (String). No methods call getDescription and getDescription calls no methods.   factory_method: YoungSailor acts as a product for YoungTeamFactory, which overrides. It is a public class that implements Sailor. The only method of YoungSailor is getDescription (String). No methods call getDescription and getDescription calls no methods."
"JamesZBL","abstract-factory","OldShip.java","observer: OldShip acts as an observer, which gets Description. It is a public class that implements Ship. The only method of OldShip is getDescription (String). No methods call getDescription and getDescription calls no methods.   abstract_factory: OldShip acts as a product for TeamFactory, which overrides. It is a public class that implements Ship. The only method of OldShip is getDescription (String). No methods call getDescription and getDescription calls no methods.   memento: OldShip acts as a memento, which gets Description. It is a public class that implements Ship. The only method of OldShip is getDescription (String). No methods call getDescription and getDescription calls no methods."
"JamesZBL","abstract-factory","YoungTeamFactory.java","abstract_factory: YoungTeamFactory acts as a factory for TeamFactory, which overrides. It is a public class that implements TeamFactory. The 3 methods of YoungTeamFactory are createShip (Ship), createCaptain (Captain) and createSailor (Sailor). No methods call createShip and createShip calls no methods. No methods call createCaptain and createCaptain calls no methods. No methods call createSailor and createSailor calls no methods.   memento: YoungTeamFactory acts as an originator for memento Ship, which creates a Ship Ship to. YoungTeamFactory acts as an originator for memento Captain, which creates a Captain Captain to. YoungTeamFactory acts as an originator for memento Sailor, which creates a Sailor Sailor to. It is a public class that implements TeamFactory. The 3 methods of YoungTeamFactory are createShip (Ship), createCaptain (Captain) and createSailor (Sailor). No methods call createShip and createShip calls no methods. No methods call createCaptain and createCaptain calls no met..."
"JamesZBL","abstract-factory","YoungCaptain.java","observer: YoungCaptain acts as an observer, which gets Description. It is a public class that implements Captain. The only method of YoungCaptain is getDescription (String). No methods call getDescription and getDescription calls no methods.   abstract_factory: YoungCaptain acts as a product for TeamFactory, which overrides. It is a public class that implements Captain. The only method of YoungCaptain is getDescription (String). No methods call getDescription and getDescription calls no methods.   memento: YoungCaptain acts as a memento, which gets Description. It is a public class that implements Captain. The only method of YoungCaptain is getDescription (String). No methods call getDescription and getDescription calls no methods."
"JamesZBL","abstract-factory","Captain.java","observer: Captain acts as an observer for publisher Application, which is inherited by YoungCaptain, OldCaptain. It is a public interface that extends Member. abstract_factory: Captain acts as an abstract product for Captain, which is inherited by YoungCaptain, OldCaptain. It is a public interface that extends Member. memento: Captain acts as a memento, which is inherited by YoungCaptain, OldCaptain. It is a public interface that extends Member."
"JamesZBL","abstract-factory","OldSailor.java","observer: OldSailor acts as an observer, which gets Description. It is a public class that implements Sailor. The only method of OldSailor is getDescription (String). No methods call getDescription and getDescription calls no methods.   abstract_factory: OldSailor acts as a product for TeamFactory, which overrides. It is a public class that implements Sailor. The only method of OldSailor is getDescription (String). No methods call getDescription and getDescription calls no methods.   memento: OldSailor acts as a memento, which gets Description. It is a public class that implements Sailor. The only method of OldSailor is getDescription (String). No methods call getDescription and getDescription calls no methods.   factory_method: OldSailor acts as a product for YoungTeamFactory, which overrides. It is a public class that implements Sailor. The only method of OldSailor is getDescription (String). No methods call getDescription and getDescription calls no methods."
"JamesZBL","abstract-factory","NewShip.java","observer: NewShip acts as an observer, which gets Description. It is a public class that implements Ship. The only method of NewShip is getDescription (String). No methods call getDescription and getDescription calls no methods.   abstract_factory: NewShip acts as a product for TeamFactory, which overrides. It is a public class that implements Ship. The only method of NewShip is getDescription (String). No methods call getDescription and getDescription calls no methods.   memento: NewShip acts as a memento, which gets Description. It is a public class that implements Ship. The only method of NewShip is getDescription (String). No methods call getDescription and getDescription calls no methods."
"JamesZBL","abstract-factory","PermanentTeamFactory.java","abstract_factory: PermanentTeamFactory acts as a factory for TeamFactory, which overrides. It is a public class that implements TeamFactory. The 3 methods of PermanentTeamFactory are createShip (Ship), createCaptain (Captain) and createSailor (Sailor). No methods call createShip and createShip calls no methods. No methods call createCaptain and createCaptain calls no methods. No methods call createSailor and createSailor calls no methods.   memento: PermanentTeamFactory acts as an originator for memento Captain, which creates a Captain Captain to. PermanentTeamFactory acts as an originator for memento Sailor, which creates a Sailor Sailor to. PermanentTeamFactory acts as an originator for memento Ship, which creates a Ship Ship to. It is a public class that implements TeamFactory. The 3 methods of PermanentTeamFactory are createShip (Ship), createCaptain (Captain) and createSailor (Sailor). No methods call createShip and createShip calls no methods. No methods call createCaptain and cr..."
"JamesZBL","abstract-factory","OldCaptain.java","observer: OldCaptain acts as an observer, which gets Description. It is a public class that implements Captain. The only method of OldCaptain is getDescription (String). No methods call getDescription and getDescription calls no methods.   abstract_factory: OldCaptain acts as a product for TeamFactory, which overrides. It is a public class that implements Captain. The only method of OldCaptain is getDescription (String). No methods call getDescription and getDescription calls no methods.   memento: OldCaptain acts as a memento, which gets Description. It is a public class that implements Captain. The only method of OldCaptain is getDescription (String). No methods call getDescription and getDescription calls no methods."
"JamesZBL","abstract-factory","Ship.java","observer: Ship acts as an observer for publisher Application, which is inherited by OldShip, NewShip. It is a public interface that extends Member. abstract_factory: Ship acts as an abstract product for Ship, which is inherited by OldShip, NewShip. It is a public interface that extends Member. memento: Ship acts as a memento, which is inherited by OldShip, NewShip. It is a public interface that extends Member."
"JamesZBL","abstract-factory","TeamFactory.java","abstract_factory: TeamFactory acts as an abstract factory for Ship, Captain, Sailor, which is inherited by YoungTeamFactory, PermanentTeamFactory. It is a public interface. The 3 methods of TeamFactory are createShip (Ship), createCaptain (Captain) and createSailor (Sailor). No methods call createShip and createShip calls no methods. No methods call createCaptain and createCaptain calls no methods. No methods call createSailor and createSailor calls no methods.   memento: TeamFactory acts as an originator for memento Ship, which is inherited by, which creates a Ship Ship to. TeamFactory acts as an originator for memento Captain, which is inherited by, which creates a Captain Captain to. TeamFactory acts as an originator for memento Sailor, which is inherited by, which creates a Sailor Sailor to. It is a public interface. The 3 methods of TeamFactory are createShip (Ship), createCaptain (Captain) and createSailor (Sailor). No methods call createShip and createShip calls no methods. No m..."
"JamesZBL","abstract-factory","Application.java","observer: Application acts as a publisher for observer Ship, which is inherited by, which creates final parameter of TeamFactory Team, which mains String[] parameter of args, which getms Ship, which setms Ship parameter of mShip Ship, which getms Captain, which setms Captain parameter of mCaptain Captain, which getms Sailor, which setms Sailor parameter of mSailor Sailor. Application acts as a publisher for observer Sailor, which is inherited by, which creates final parameter of TeamFactory Team, which mains String[] parameter of args, which getms Ship, which setms Ship parameter of mShip Ship, which getms Captain, which setms Captain parameter of mCaptain Captain, which getms Sailor, which setms Sailor parameter of mSailor Sailor. Application acts as a publisher for observer Captain, which is inherited by, which creates final parameter of TeamFactory Team, which mains String[] parameter of args, which getms Ship, which setms Ship parameter of mShip Ship, which getms Captain, which set..."
"JamesZBL","abstract-factory","Member.java","Member does not have any design pattern.  It is a public interface. The only method of Member is getDescription (String). No methods call getDescription and getDescription calls no methods."
"JamesZBL","abstract-factory","Sailor.java","observer: Sailor acts as an observer for publisher Application, which is inherited by YoungSailor, OldSailor. It is a public interface that extends Member. abstract_factory: Sailor acts as an abstract product for Sailor, which is inherited by YoungSailor, OldSailor. It is a public interface that extends Member. memento: Sailor acts as a memento, which is inherited by YoungSailor, OldSailor. It is a public interface that extends Member. factory_method: Sailor acts as an abstract product for YoungTeamFactory, which is inherited by YoungSailor, OldSailor. It is a public interface that extends Member."
"JamesZBL","adapter","Bus.java","Bus does not have any design pattern.  It is a public class. The only method of Bus is run (void). No methods call run and run calls no methods."
"JamesZBL","adapter","Car.java","decorator: Car acts as a component for Driver, which is inherited by BusAdapter. It is a public interface. The only method of Car is drive (void). No methods call drive and drive calls no methods."
"JamesZBL","adapter","Driver.java","decorator: Driver acts as a decorator for component Car, which is inherited by. It is a public class that implements Car. The only method of Driver is drive (void). No methods call drive and drive calls no methods."
"JamesZBL","adapter","Application.java","Application does not have any design pattern.  It is a public class. The only method of Application is main (void). No methods call main and main calls no methods."
"JamesZBL","adapter","BusAdapter.java","decorator: BusAdapter acts as a component for decorator Driver, which overrides driveCar. It is a public class that implements Car. The only method of BusAdapter is drive (void). No methods call drive and drive calls no methods."
"JamesZBL","decorator","HammerSmithOperation.java","decorator: HammerSmithOperation acts as a decorator for component Operation, which is inherited by. It is a public class that implements Operation. The 3 methods of HammerSmithOperation are checkBefore (void), join (void) and chekcAfter (void). No methods call checkBefore and checkBefore calls no methods. No methods call join and join calls no methods. No methods call chekcAfter and chekcAfter calls no methods."
"JamesZBL","decorator","Operation.java","decorator: Operation acts as a component for HammerSmithOperation, which is inherited by CarpenterOperation, CarpenterOperation, CarpenterOperation. It is a public interface. The 3 methods of Operation are checkBefore (void), join (void) and chekcAfter (void). No methods call checkBefore and checkBefore calls no methods. No methods call join and join calls no methods. No methods call chekcAfter and chekcAfter calls no methods."
"JamesZBL","decorator","Application.java","Application does not have any design pattern.  It is a public class. The only method of Application is main (void). No methods call main and main calls no methods."
"JamesZBL","decorator","CarpenterOperation.java","decorator: CarpenterOperation acts as a component for decorator HammerSmithOperation, which overrides checkBeforeOperation, joinOperation, chekcAfterOperation. It is a public class that implements Operation. The 3 methods of CarpenterOperation are checkBefore (void), join (void) and chekcAfter (void). No methods call checkBefore and checkBefore calls no methods. No methods call join and join calls no methods. No methods call chekcAfter and chekcAfter calls no methods."
"JamesZBL","facade","CourseFacade.java","CourseFacade does not have any design pattern.  It is a public class. The 3 methods of CourseFacade are prepare (void), proceed (void) and stop (void). No methods call prepare and prepare calls no methods. No methods call proceed and proceed calls no methods. No methods call stop and stop calls no methods."
"JamesZBL","facade","CourseParticipator.java","CourseParticipator does not have any design pattern.  It is a public abstract class. The 8 methods of CourseParticipator are prepareCourse (void), proceedCourse (void), stopCourse (void), goToSchool (void), goHome (void), name (String), action (void) and action (void). Only one method ( action method of class CourseParticipator ) calls prepareCourse and prepareCourse calls only one method : name method of class CourseParticipator. Only one method ( action method of class CourseParticipator ) calls proceedCourse and proceedCourse calls only one method : name method of class CourseParticipator. Only one method ( action method of class CourseParticipator ) calls stopCourse and stopCourse calls only one method : name method of class CourseParticipator. Only one method ( action method of class CourseParticipator ) calls goToSchool and goToSchool calls only one method : name method of class CourseParticipator. Only one method ( action method of class CourseParticipator ) calls goHome and goH..."
"JamesZBL","facade","CourseStudent.java","CourseStudent does not have any design pattern.  It is a public class that extends CourseParticipator. The only method of CourseStudent is name (String). No methods call name and name calls no methods."
"JamesZBL","facade","Application.java","Application does not have any design pattern.  It is a public class. The only method of Application is main (void). No methods call main and main calls no methods."
"JamesZBL","facade","CourseTeacher.java","CourseTeacher does not have any design pattern.  It is a public class that extends CourseParticipator. The only method of CourseTeacher is name (String). No methods call name and name calls no methods."
"JamesZBL","factory-method","ChineseCook.java","abstract_factory: ChineseCook acts as a factory for Cook, which overrides cookFood method of Cook. It is a public class that implements Cook. The only method of ChineseCook is cookFood (Food). No methods call cookFood and cookFood calls no methods.   memento: ChineseCook acts as an originator for memento Food, which cooks a Food Food to. It is a public class that implements Cook. The only method of ChineseCook is cookFood (Food). No methods call cookFood and cookFood calls no methods.   factory_method: ChineseCook acts as a factory method for Food, which is inherited by Cook, Cook. It is a public class that implements Cook. The only method of ChineseCook is cookFood (Food). No methods call cookFood and cookFood calls no methods."
"JamesZBL","factory-method","FoodType.java","FoodType does not have any design pattern.  It is a public class. The only method of FoodType is getName (String). No methods call getName and getName calls no methods."
"JamesZBL","factory-method","WesternFood.java","abstract_factory: WesternFood acts as a factory for Food, which overrides getFoodType method of Food. WesternFood acts as a product for Cook, which overrides getFoodType method of Food. It is a public class that implements Food. The 2 methods of WesternFood are getFoodType (FoodType) and toString (String). No methods call getFoodType and getFoodType calls no methods. No methods call toString and toString calls no methods.   memento: WesternFood acts as a memento, which tos String, which tos String. WesternFood acts as a caretaker for memento Food, which gets Food Type, which tos String. It is a public class that implements Food. The 2 methods of WesternFood are getFoodType (FoodType) and toString (String). No methods call getFoodType and getFoodType calls no methods. No methods call toString and toString calls no methods.   factory_method: WesternFood acts as a product for ChineseCook, which overrides getFoodType method of Food. It is a public class that implements Food. The 2 methods ..."
"JamesZBL","factory-method","Cook.java","abstract_factory: Cook acts as an abstract factory for Food, which is inherited by ChineseCook, WesternCook. It is a public interface. The only method of Cook is cookFood (Food). No methods call cookFood and cookFood calls no methods.   memento: Cook acts as an originator for memento Food, which is inherited by, which cooks a Food Food to. It is a public interface. The only method of Cook is cookFood (Food). No methods call cookFood and cookFood calls no methods.   factory_method: Cook acts as a factory for ChineseCook, which overrides. It is a public interface. The only method of Cook is cookFood (Food). No methods call cookFood and cookFood calls no methods."
"JamesZBL","factory-method","ChineseFood.java","abstract_factory: ChineseFood acts as a product for Cook, which overrides getFoodType method of Food. ChineseFood acts as a factory for Food, which overrides getFoodType method of Food. It is a public class that implements Food. The 2 methods of ChineseFood are getFoodType (FoodType) and toString (String). No methods call getFoodType and getFoodType calls no methods. No methods call toString and toString calls no methods.   memento: ChineseFood acts as a caretaker for memento Food, which gets Food Type, which tos String. ChineseFood acts as a memento, which tos String, which tos String. It is a public class that implements Food. The 2 methods of ChineseFood are getFoodType (FoodType) and toString (String). No methods call getFoodType and getFoodType calls no methods. No methods call toString and toString calls no methods.   factory_method: ChineseFood acts as a product for ChineseCook, which overrides getFoodType method of Food. It is a public class that implements Food. The 2 methods ..."
"JamesZBL","factory-method","Application.java","Application does not have any design pattern.  It is a public class. The 2 methods of Application are main (void) and makeFood (void). No methods call main and main calls only one method : makeFood method of class Application. Only one method ( main method of class Application ) calls makeFood and makeFood calls no methods."
"JamesZBL","factory-method","WesternCook.java","abstract_factory: WesternCook acts as a factory for Cook, which overrides cookFood method of Cook. It is a public class that implements Cook. The only method of WesternCook is cookFood (Food). No methods call cookFood and cookFood calls no methods.   memento: WesternCook acts as an originator for memento Food, which cooks a Food Food to. It is a public class that implements Cook. The only method of WesternCook is cookFood (Food). No methods call cookFood and cookFood calls no methods."
"JamesZBL","factory-method","Food.java","abstract_factory: Food acts as an abstract product for Food, which is inherited by WesternFood, ChineseFood. Food acts as an abstract factory for, which is inherited by WesternFood, ChineseFood. It is a public interface. The only method of Food is getFoodType (FoodType). No methods call getFoodType and getFoodType calls no methods.   memento: Food acts as a memento, which is inherited by WesternFood, ChineseFood, which gets Food Type. It is a public interface. The only method of Food is getFoodType (FoodType). No methods call getFoodType and getFoodType calls no methods.   factory_method: Food acts as an abstract product for ChineseCook, which is inherited by WesternFood, ChineseFood. It is a public interface. The only method of Food is getFoodType (FoodType). No methods call getFoodType and getFoodType calls no methods."
"JamesZBL","memento","Flower.java","observer: Flower acts as a publisher for observer FlowerType, which is inherited by, which grows, which gets Memento, which sets Plant parameter of plant Memento, which tos String, which gets Name, which gets Weight, which gets Height, which gets Type, which sets FlowerType parameter of type Type, which sets int parameter of height Height, which sets int parameter of weight Weight, which gets Weight, which gets Height, which gets Type. It is a public class that extends Plant and that implements Plant. The 14 methods of Flower are growing (void), getMemento (FlowerMemento), setMemento (void), toString (String), getName (String), getWeight (int), getHeight (int), getType (FlowerType), setType (void), setHeight (void), setWeight (void), getWeight (int), getHeight (int) and getType (FlowerType). No methods call growing and growing calls 4 methods : setHeight method of class Flower, getHeight method of class Flower, getWeight method of class Flower and setWeight method of class Flower. No m..."
"JamesZBL","memento","Plant.java","abstract_factory: Plant acts as an abstract factory for, which is inherited by Flower. It is a public interface. The 3 methods of Plant are getWeight (int), getHeight (int) and getType (FlowerType). No methods call getWeight and getWeight calls no methods. No methods call getHeight and getHeight calls no methods. No methods call getType and getType calls no methods."
"JamesZBL","memento","FlowerType.java","observer: FlowerType acts as an observer for publisher Flower, which is inherited by, which tos String. It is a public class. The only method of FlowerType is toString (String). No methods call toString and toString calls no methods."
"JamesZBL","memento","Application.java","Application does not have any design pattern.  It is a public class. The only method of Application is main (void). No methods call main and main calls no methods."
"JamesZBL","observer","Northern.java","observer: Northern acts as an observer, which updates TimePoint parameter of time. It is a public class that implements TimeObserver. The only method of Northern is update (void). No methods call update and update calls no methods."
"JamesZBL","observer","TimePoint.java","TimePoint does not have any design pattern.  It is a public class. The only method of TimePoint is toString (String). No methods call toString and toString calls no methods."
"JamesZBL","observer","Time.java","observer: Time acts as a publisher for observer TimeObserver, which is inherited by, which adds TimeObserver parameter of observer Observer, which removes TimeObserver parameter of observer Observer, which passes, which notifies Observers. It is a public class. The 4 methods of Time are addObserver (void), removeObserver (void), passing (void) and notifyObservers (void). No methods call addObserver and addObserver calls no methods. No methods call removeObserver and removeObserver calls no methods. No methods call passing and passing calls only one method : notifyObservers method of class Time. Only one method ( passing method of class Time ) calls notifyObservers and notifyObservers calls no methods."
"JamesZBL","observer","Southern.java","observer: Southern acts as an observer, which updates TimePoint parameter of time. It is a public class that implements TimeObserver. The only method of Southern is update (void). No methods call update and update calls no methods."
"JamesZBL","observer","Application.java","Application does not have any design pattern.  It is a public class. The only method of Application is main (void). No methods call main and main calls no methods."
"JamesZBL","observer","TimeObserver.java","observer: TimeObserver acts as an observer for publisher Time, which is inherited by Northern, Southern, which updates TimePoint parameter of time. It is a public interface. The only method of TimeObserver is update (void). No methods call update and update calls no methods."
"JamesZBL","singleton","ThreadSafeDoubleCheckLocking.java","singleton: ThreadSafeDoubleCheckLocking acts as a singleton, which gets a ThreadSafeDoubleCheckLocking Instance to. It is a public final class. The only method of ThreadSafeDoubleCheckLocking is getInstance (ThreadSafeDoubleCheckLocking). No methods call getInstance and getInstance calls no methods.   memento: ThreadSafeDoubleCheckLocking acts as an originator for memento ThreadSafeDoubleCheckLocking, which gets a ThreadSafeDoubleCheckLocking Instance to. ThreadSafeDoubleCheckLocking acts as a memento, which gets Instance. ThreadSafeDoubleCheckLocking acts as a caretaker for memento ThreadSafeDoubleCheckLocking, which gets Instance. It is a public final class. The only method of ThreadSafeDoubleCheckLocking is getInstance (ThreadSafeDoubleCheckLocking). No methods call getInstance and getInstance calls no methods."
"JamesZBL","singleton","EnumDirector.java","EnumDirector does not have any design pattern.  It is a public class. The only method of EnumDirector is toString (String). No methods call toString and toString calls no methods."
"JamesZBL","singleton","LazyInitializationDirector.java","singleton: LazyInitializationDirector acts as a singleton, which gets a LazyInitializationDirector Instance to. It is a public final class. The only method of LazyInitializationDirector is getInstance (LazyInitializationDirector). No methods call getInstance and getInstance calls no methods.   memento: LazyInitializationDirector acts as a caretaker for memento LazyInitializationDirector, which gets Instance. LazyInitializationDirector acts as a caretaker for memento Director, which gets Instance. LazyInitializationDirector acts as a memento, which gets Instance. LazyInitializationDirector acts as an originator for memento LazyInitializationDirector, which gets a LazyInitializationDirector Instance to. It is a public final class. The only method of LazyInitializationDirector is getInstance (LazyInitializationDirector). No methods call getInstance and getInstance calls no methods."
"JamesZBL","singleton","Director.java","singleton: Director acts as a singleton, which gets a Director Instance to. It is a public final class. The only method of Director is getInstance (Director). No methods call getInstance and getInstance calls no methods.   memento: Director acts as a caretaker for memento Director, which gets Instance. Director acts as an originator for memento Director, which gets a Director Instance to. Director acts as a memento, which gets Instance. It is a public final class. The only method of Director is getInstance (Director). No methods call getInstance and getInstance calls no methods."
"JamesZBL","singleton","ThreadSafeLazyLoadDirector.java","singleton: ThreadSafeLazyLoadDirector acts as a singleton, which gets a ThreadSafeLazyLoadDirector Instance to. It is a public final class. The only method of ThreadSafeLazyLoadDirector is getInstance (ThreadSafeLazyLoadDirector). No methods call getInstance and getInstance calls no methods.   memento: ThreadSafeLazyLoadDirector acts as a caretaker for memento ThreadSafeLazyLoadDirector, which gets Instance. ThreadSafeLazyLoadDirector acts as a caretaker for memento Director, which gets Instance. ThreadSafeLazyLoadDirector acts as an originator for memento ThreadSafeLazyLoadDirector, which gets a ThreadSafeLazyLoadDirector Instance to. ThreadSafeLazyLoadDirector acts as a memento, which gets Instance. It is a public final class. The only method of ThreadSafeLazyLoadDirector is getInstance (ThreadSafeLazyLoadDirector). No methods call getInstance and getInstance calls no methods."
"JamesZBL","singleton","Application.java","Application does not have any design pattern.  It is a public class. The only method of Application is main (void). No methods call main and main calls no methods."
"JamesZBL","visitor","Boss.java","Boss does not have any design pattern.  It is a public class that extends Unit. The 2 methods of Boss are beVisited (void) and toString (String). No methods call beVisited and beVisited calls no methods. No methods call toString and toString calls no methods."
"JamesZBL","visitor","Engineer.java","Engineer does not have any design pattern.  It is a public class that extends Unit. The 2 methods of Engineer are beVisited (void) and toString (String). No methods call beVisited and beVisited calls no methods. No methods call toString and toString calls no methods."
"JamesZBL","visitor","ManagerVisitor.java","ManagerVisitor does not have any design pattern.  It is a public class that implements UnitVisitor. The 3 methods of ManagerVisitor are visitEngineer (void), visitBoss (void) and visitManager (void). No methods call visitEngineer and visitEngineer calls no methods. No methods call visitBoss and visitBoss calls no methods. No methods call visitManager and visitManager calls no methods."
"JamesZBL","visitor","UnitVisitor.java","UnitVisitor does not have any design pattern.  It is a public interface. The 3 methods of UnitVisitor are visitEngineer (void), visitBoss (void) and visitManager (void). No methods call visitEngineer and visitEngineer calls no methods. No methods call visitBoss and visitBoss calls no methods. No methods call visitManager and visitManager calls no methods."
"JamesZBL","visitor","BossVisitor.java","BossVisitor does not have any design pattern.  It is a public class that implements UnitVisitor. The 3 methods of BossVisitor are visitEngineer (void), visitBoss (void) and visitManager (void). No methods call visitEngineer and visitEngineer calls no methods. No methods call visitBoss and visitBoss calls no methods. No methods call visitManager and visitManager calls no methods."
"JamesZBL","visitor","EngineerVisitor.java","EngineerVisitor does not have any design pattern.  It is a public class that implements UnitVisitor. The 3 methods of EngineerVisitor are visitEngineer (void), visitBoss (void) and visitManager (void). No methods call visitEngineer and visitEngineer calls no methods. No methods call visitBoss and visitBoss calls no methods. No methods call visitManager and visitManager calls no methods."
"JamesZBL","visitor","Manager.java","Manager does not have any design pattern.  It is a public class that extends Unit. The 2 methods of Manager are beVisited (void) and toString (String). No methods call beVisited and beVisited calls no methods. No methods call toString and toString calls no methods."
"JamesZBL","visitor","Unit.java","Unit does not have any design pattern.  It is a public abstract class. The only method of Unit is beVisited (void). No methods call beVisited and beVisited calls no methods."
"JamesZBL","visitor","Application.java","Application does not have any design pattern.  It is a public class. The only method of Application is main (void). No methods call main and main calls no methods."
"spring-framework","spring-aop","MethodBeforeAdviceAdapter.java","MethodBeforeAdviceAdapter does not have any design pattern.  It is a class that implements AdvisorAdapter and Serializable. The 2 methods of MethodBeforeAdviceAdapter are supportsAdvice (boolean) and getInterceptor (MethodInterceptor). No methods call supportsAdvice and supportsAdvice calls no methods. No methods call getInterceptor and getInterceptor calls no methods."
"spring-framework","spring-aop","ScopedProxyBeanDefinitionDecorator.java","ScopedProxyBeanDefinitionDecorator does not have any design pattern.  It is a class that implements BeanDefinitionDecorator. The only method of ScopedProxyBeanDefinitionDecorator is decorate (BeanDefinitionHolder). No methods call decorate and decorate calls no methods."
"spring-framework","spring-beans","SmartInitializingSingleton.java","SmartInitializingSingleton does not have any design pattern.  It is a public interface. The only method of SmartInitializingSingleton is afterSingletonsInstantiated (void). No methods call afterSingletonsInstantiated and afterSingletonsInstantiated calls no methods."
"spring-framework","spring-beans","BeanDefinitionVisitor.java","BeanDefinitionVisitor does not have any design pattern.  It is a public class. The 15 methods of BeanDefinitionVisitor are visitBeanDefinition (void), visitParentName (void), visitBeanClassName (void), visitFactoryBeanName (void), visitFactoryMethodName (void), visitScope (void), visitPropertyValues (void), visitIndexedArgumentValues (void), visitGenericArgumentValues (void), resolveValue (Object), visitArray (void), visitList (void), visitSet (void), visitMap (void) and resolveStringValue (String). No methods call visitBeanDefinition and visitBeanDefinition calls no methods. No methods call visitParentName and visitParentName calls no methods. No methods call visitBeanClassName and visitBeanClassName calls no methods. No methods call visitFactoryBeanName and visitFactoryBeanName calls no methods. No methods call visitFactoryMethodName and visitFactoryMethodName calls no methods. No methods call visitScope and visitScope calls no methods. No methods call visitPropertyValues and visitPr..."
"spring-framework","spring-beans","DefaultSingletonBeanRegistry.java","DefaultSingletonBeanRegistry does not have any design pattern.  It is a public class that extends SimpleAliasRegistry and that implements SingletonBeanRegistry. The 33 methods of DefaultSingletonBeanRegistry are registerSingleton (void), addSingleton (void), addSingletonFactory (void), addSingletonCallback (void), getSingleton (Object), getSingleton (Object), getSingleton (Object), checkDependentWaitingThreads (boolean), isCurrentThreadAllowedToHoldSingletonLock (Boolean), onSuppressedException (void), removeSingleton (void), containsSingleton (boolean), getSingletonNames (String[]), getSingletonCount (int), setCurrentlyInCreation (void), isCurrentlyInCreation (boolean), isActuallyInCreation (boolean), isSingletonCurrentlyInCreation (boolean), beforeSingletonCreation (void), afterSingletonCreation (void), registerDisposableBean (void), registerContainedBean (void), registerDependentBean (void), isDependent (boolean), isDependent (boolean), hasDependentBean (boolean), getDependentBeans ..."
"spring-framework","spring-beans","BeanFactory.java","abstract_factory: BeanFactory acts as an abstract product for BeanFactory, which is inherited by AutowireCapableBeanFactory, HierarchicalBeanFactory, ListableBeanFactory. It is a public interface. The 16 methods of BeanFactory are getBean (Object), getBean (T), getBean (Object), getBean (T), getBean (T), getBeanProvider (ObjectProvider<T>), getBeanProvider (ObjectProvider<T>), getBeanProvider (ObjectProvider<T>), containsBean (boolean), isSingleton (boolean), isPrototype (boolean), isTypeMatch (boolean), isTypeMatch (boolean), getType (Class<?>), getType (Class<?>) and getAliases (String[]). No methods call getBean and getBean calls no methods. No methods call getBean and getBean calls no methods. No methods call getBean and getBean calls no methods. No methods call getBean and getBean calls no methods. No methods call getBean and getBean calls no methods. No methods call getBeanProvider and getBeanProvider calls no methods. No methods call getBeanProvider and getBeanProvider calls no ..."
"spring-framework","spring-beans","DefaultListableBeanFactory.java","DefaultListableBeanFactory does not have any design pattern.  It is a public class that extends AbstractAutowireCapableBeanFactory and that implements ConfigurableListableBeanFactory, BeanDefinitionRegistry and Serializable. The 129 methods of DefaultListableBeanFactory are setSerializationId (void), getSerializationId (String), setAllowBeanDefinitionOverriding (void), isAllowBeanDefinitionOverriding (boolean), setAllowEagerClassLoading (void), isAllowEagerClassLoading (boolean), setBootstrapExecutor (void), getBootstrapExecutor (Executor), setDependencyComparator (void), getDependencyComparator (Comparator<Object>), setAutowireCandidateResolver (void), getAutowireCandidateResolver (AutowireCandidateResolver), copyConfigurationFrom (void), getBean (T), getBean (T), getBeanProvider (ObjectProvider<T>), getBeanProvider (ObjectProvider<T>), getBeanProvider (ObjectProvider<T>), containsBeanDefinition (boolean), getBeanDefinitionCount (int), getBeanDefinitionNames (String[]), getBeanProvide..."
"spring-framework","spring-beans","SingletonBeanRegistry.java","SingletonBeanRegistry does not have any design pattern.  It is a public interface. The 7 methods of SingletonBeanRegistry are registerSingleton (void), addSingletonCallback (void), getSingleton (Object), containsSingleton (boolean), getSingletonNames (String[]), getSingletonCount (int) and getSingletonMutex (Object). No methods call registerSingleton and registerSingleton calls no methods. No methods call addSingletonCallback and addSingletonCallback calls no methods. No methods call getSingleton and getSingleton calls no methods. No methods call containsSingleton and containsSingleton calls no methods. No methods call getSingletonNames and getSingletonNames calls no methods. No methods call getSingletonCount and getSingletonCount calls no methods. No methods call getSingletonMutex and getSingletonMutex calls no methods."
"spring-framework","spring-beans","AutowireCapableBeanFactory.java","abstract_factory: AutowireCapableBeanFactory acts as a product for HierarchicalBeanFactory, which overrides. It is a public interface that extends BeanFactory. The 15 methods of AutowireCapableBeanFactory are createBean (T), autowireBean (void), configureBean (Object), createBean (Object), autowire (Object), autowireBeanProperties (void), applyBeanPropertyValues (void), initializeBean (Object), applyBeanPostProcessorsBeforeInitialization (Object), applyBeanPostProcessorsAfterInitialization (Object), destroyBean (void), resolveNamedBean (NamedBeanHolder<T>), resolveBeanByName (Object), resolveDependency (Object) and resolveDependency (Object). No methods call createBean and createBean calls no methods. No methods call autowireBean and autowireBean calls no methods. No methods call configureBean and configureBean calls no methods. No methods call createBean and createBean calls no methods. No methods call autowire and autowire calls no methods. No methods call autowireBeanProperties and ..."
"spring-framework","spring-beans","HierarchicalBeanFactory.java","abstract_factory: HierarchicalBeanFactory acts as an abstract factory for BeanFactory, which is inherited by. HierarchicalBeanFactory acts as a product for HierarchicalBeanFactory, which overrides. It is a public interface that extends BeanFactory. The 2 methods of HierarchicalBeanFactory are getParentBeanFactory (BeanFactory) and containsLocalBean (boolean). No methods call getParentBeanFactory and getParentBeanFactory calls no methods. No methods call containsLocalBean and containsLocalBean calls no methods."
"spring-framework","spring-beans","ListableBeanFactory.java","abstract_factory: ListableBeanFactory acts as a product for HierarchicalBeanFactory, which overrides. It is a public interface that extends BeanFactory. The 16 methods of ListableBeanFactory are containsBeanDefinition (boolean), getBeanDefinitionCount (int), getBeanDefinitionNames (String[]), getBeanProvider (ObjectProvider<T>), getBeanProvider (ObjectProvider<T>), getBeanNamesForType (String[]), getBeanNamesForType (String[]), getBeanNamesForType (String[]), getBeanNamesForType (String[]), getBeansOfType (Map<String,T>), getBeansOfType (Map<String,T>), getBeanNamesForAnnotation (String[]), getBeansWithAnnotation (Map<String,Object>), findAnnotationOnBean (A), findAnnotationOnBean (A) and findAllAnnotationsOnBean (Set<A>). No methods call containsBeanDefinition and containsBeanDefinition calls no methods. No methods call getBeanDefinitionCount and getBeanDefinitionCount calls no methods. No methods call getBeanDefinitionNames and getBeanDefinitionNames calls no methods. No methods call..."
"spring-framework","spring-context","SimpleApplicationEventMulticaster.java","SimpleApplicationEventMulticaster does not have any design pattern.  It is a public class that extends AbstractApplicationEventMulticaster. The 9 methods of SimpleApplicationEventMulticaster are setTaskExecutor (void), getTaskExecutor (Executor), setErrorHandler (void), getErrorHandler (ErrorHandler), multicastEvent (void), multicastEvent (void), invokeListener (void), doInvokeListener (void) and matchesClassCastMessage (boolean). No methods call setTaskExecutor and setTaskExecutor calls no methods. No methods call getTaskExecutor and getTaskExecutor calls no methods. No methods call setErrorHandler and setErrorHandler calls no methods. No methods call getErrorHandler and getErrorHandler calls no methods. No methods call multicastEvent and multicastEvent calls no methods. No methods call multicastEvent and multicastEvent calls no methods. No methods call invokeListener and invokeListener calls no methods. No methods call doInvokeListener and doInvokeListener calls no methods. No method..."
"spring-framework","spring-context","ApplicationEventPublisher.java","ApplicationEventPublisher does not have any design pattern.  It is a public interface. The 2 methods of ApplicationEventPublisher are publishEvent (void) and publishEvent (void). No methods call publishEvent and publishEvent calls no methods. No methods call publishEvent and publishEvent calls no methods."
"spring-framework","spring-context","ApplicationListener.java","ApplicationListener does not have any design pattern.  It is a public interface that extends EventListener. The 3 methods of ApplicationListener are onApplicationEvent (void), supportsAsyncExecution (boolean) and forPayload (ApplicationListener<PayloadApplicationEvent<T>>). No methods call onApplicationEvent and onApplicationEvent calls no methods. No methods call supportsAsyncExecution and supportsAsyncExecution calls no methods. No methods call forPayload and forPayload calls no methods."
"spring-framework","spring-context","AbstractApplicationEventMulticaster.java","AbstractApplicationEventMulticaster does not have any design pattern.  It is a public abstract class that implements ApplicationEventMulticaster, BeanClassLoaderAware and BeanFactoryAware. The 22 methods of AbstractApplicationEventMulticaster are setBeanClassLoader (void), setBeanFactory (void), getBeanFactory (ConfigurableBeanFactory), addApplicationListener (void), addApplicationListenerBean (void), removeApplicationListener (void), removeApplicationListenerBean (void), removeApplicationListeners (void), removeApplicationListenerBeans (void), removeAllListeners (void), getApplicationListeners (Collection<ApplicationListener<?>>), getApplicationListeners (Collection<ApplicationListener<?>>), retrieveApplicationListeners (Collection<ApplicationListener<?>>), supportsEvent (boolean), supportsEvent (boolean), supportsEvent (boolean), equals (boolean), hashCode (int), toString (String), compareTo (int), getApplicationListeners (Collection<ApplicationListener<?>>) and getApplicationListene..."
"spring-framework","spring-context-support","CronTriggerFactoryBean.java","CronTriggerFactoryBean does not have any design pattern.  It is a public class that implements FactoryBean<CronTrigger>, BeanNameAware and InitializingBean. The 20 methods of CronTriggerFactoryBean are setName (void), setGroup (void), setJobDetail (void), setJobDataMap (void), getJobDataMap (JobDataMap), setJobDataAsMap (void), setStartTime (void), setStartDelay (void), setCronExpression (void), setTimeZone (void), setCalendarName (void), setPriority (void), setMisfireInstruction (void), setMisfireInstructionName (void), setDescription (void), setBeanName (void), afterPropertiesSet (void), getObject (CronTrigger), getObjectType (Class<?>) and isSingleton (boolean). No methods call setName and setName calls no methods. No methods call setGroup and setGroup calls no methods. No methods call setJobDetail and setJobDetail calls no methods. No methods call setJobDataMap and setJobDataMap calls no methods. No methods call getJobDataMap and getJobDataMap calls no methods. No methods call setJ..."
"spring-framework","spring-context-support","SchedulerFactoryBean.java","SchedulerFactoryBean does not have any design pattern.  It is a public class that extends SchedulerAccessor and that implements FactoryBean<Scheduler>, BeanNameAware, ApplicationContextAware, InitializingBean, DisposableBean and SmartLifecycle. The 40 methods of SchedulerFactoryBean are getConfigTimeResourceLoader (ResourceLoader), getConfigTimeTaskExecutor (Executor), getConfigTimeDataSource (DataSource), getConfigTimeNonTransactionalDataSource (DataSource), setSchedulerFactory (void), setSchedulerFactoryClass (void), setSchedulerName (void), setConfigLocation (void), setQuartzProperties (void), setTaskExecutor (void), setDataSource (void), setNonTransactionalDataSource (void), setSchedulerContextAsMap (void), setApplicationContextSchedulerContextKey (void), setJobFactory (void), setAutoStartup (void), isAutoStartup (boolean), setPhase (void), getPhase (int), setStartupDelay (void), setExposeSchedulerInRepository (void), setWaitForJobsToCompleteOnShutdown (void), setBeanName (void), s..."
"spring-framework","spring-context-support","SingletonSupplier.java","SingletonSupplier does not have any design pattern.  It is a public class that implements Supplier<T>. The 6 methods of SingletonSupplier are get (T), obtain (T), of (SingletonSupplier<T>), ofNullable (SingletonSupplier<T>), of (SingletonSupplier<T>) and ofNullable (SingletonSupplier<T>). Only one method ( obtain method of class SingletonSupplier ) calls get and get calls no methods. No methods call obtain and obtain calls only one method : get method of class SingletonSupplier. No methods call of and of calls no methods. No methods call ofNullable and ofNullable calls no methods. No methods call of and of calls no methods. No methods call ofNullable and ofNullable calls no methods."
"spring-framework","spring-context-support","AdaptableJobFactory.java","AdaptableJobFactory does not have any design pattern.  It is a public class that implements JobFactory. The 3 methods of AdaptableJobFactory are newJob (Job), createJobInstance (Object) and adaptJob (Job). No methods call newJob and newJob calls no methods. No methods call createJobInstance and createJobInstance calls no methods. No methods call adaptJob and adaptJob calls no methods."
"spring-framework","spring-context-support","JobDetailFactoryBean.java","JobDetailFactoryBean does not have any design pattern.  It is a public class that implements FactoryBean<JobDetail>, BeanNameAware, ApplicationContextAware and InitializingBean. The 16 methods of JobDetailFactoryBean are setName (void), setGroup (void), setJobClass (void), setJobDataMap (void), getJobDataMap (JobDataMap), setJobDataAsMap (void), setDurability (void), setRequestsRecovery (void), setDescription (void), setBeanName (void), setApplicationContext (void), setApplicationContextJobDataKey (void), afterPropertiesSet (void), getObject (JobDetail), getObjectType (Class<?>) and isSingleton (boolean). No methods call setName and setName calls no methods. No methods call setGroup and setGroup calls no methods. No methods call setJobClass and setJobClass calls no methods. No methods call setJobDataMap and setJobDataMap calls no methods. 2 methods ( afterPropertiesSet method of class JobDetailFactoryBean and setJobDataAsMap method of class JobDetailFactoryBean ) call getJobDataMap and..."
"spring-framework","spring-context-support","MethodInvokingJobDetailFactoryBean.java","MethodInvokingJobDetailFactoryBean does not have any design pattern.  It is a public class that extends ArgumentConvertingMethodInvoker and that implements FactoryBean<JobDetail>, BeanNameAware, BeanClassLoaderAware, BeanFactoryAware and InitializingBean. The 17 methods of MethodInvokingJobDetailFactoryBean are setName (void), setGroup (void), setConcurrent (void), setTargetBeanName (void), setBeanName (void), setBeanClassLoader (void), setBeanFactory (void), resolveClassName (Class<?>), afterPropertiesSet (void), postProcessJobDetail (void), getTargetClass (Class<?>), getTargetObject (Object), getObject (JobDetail), getObjectType (Class<? extends JobDetail>), isSingleton (boolean), setMethodInvoker (void) and executeInternal (void). No methods call setName and setName calls no methods. No methods call setGroup and setGroup calls no methods. No methods call setConcurrent and setConcurrent calls no methods. No methods call setTargetBeanName and setTargetBeanName calls no methods. No met..."
"spring-framework","spring-jdbc","IsolationLevelDataSourceAdapter.java","IsolationLevelDataSourceAdapter does not have any design pattern.  It is a public class that extends UserCredentialsDataSourceAdapter. The 6 methods of IsolationLevelDataSourceAdapter are setIsolationLevelName (void), setIsolationLevel (void), getIsolationLevel (Integer), doGetConnection (Connection), getCurrentIsolationLevel (Integer) and getCurrentReadOnlyFlag (Boolean). No methods call setIsolationLevelName and setIsolationLevelName calls only one method : setIsolationLevel method of class IsolationLevelDataSourceAdapter. Only one method ( setIsolationLevelName method of class IsolationLevelDataSourceAdapter ) calls setIsolationLevel and setIsolationLevel calls no methods. Only one method ( getCurrentIsolationLevel method of class IsolationLevelDataSourceAdapter ) calls getIsolationLevel and getIsolationLevel calls no methods. No methods call doGetConnection and doGetConnection calls 2 methods : getCurrentIsolationLevel method of class IsolationLevelDataSourceAdapter and getCurrentR..."
"spring-framework","spring-jdbc","JdbcTemplate.java","JdbcTemplate does not have any design pattern.  It is a public class that extends JdbcAccessor and that implements JdbcOperations. The 112 methods of JdbcTemplate are setIgnoreWarnings (void), isIgnoreWarnings (boolean), setFetchSize (void), getFetchSize (int), setMaxRows (void), getMaxRows (int), setQueryTimeout (void), getQueryTimeout (int), setSkipResultsProcessing (void), isSkipResultsProcessing (boolean), setSkipUndeclaredResults (void), isSkipUndeclaredResults (boolean), setResultsMapCaseInsensitive (void), isResultsMapCaseInsensitive (boolean), execute (T), createConnectionProxy (Connection), execute (T), execute (T), execute (void), query (T), query (void), query (List<T>), queryForStream (Stream<T>), queryForMap (Map<String,Object>), queryForObject (T), queryForObject (T), queryForList (List<T>), queryForList (List<Map<String,Object>>), queryForRowSet (SqlRowSet), update (int), batchUpdate (int[]), execute (T), execute (T), execute (T), query (T), query (T), query (T), query (..."
"spring-framework","spring-jms","JmsTemplate.java","JmsTemplate does not have any design pattern.  It is a public class that extends JmsDestinationAccessor and that implements JmsOperations. The 85 methods of JmsTemplate are setDefaultDestination (void), getDefaultDestination (Destination), getDefaultQueue (Queue), setDefaultDestinationName (void), getDefaultDestinationName (String), getRequiredDefaultDestinationName (String), setMessageConverter (void), getMessageConverter (MessageConverter), setMessageIdEnabled (void), isMessageIdEnabled (boolean), setMessageTimestampEnabled (void), isMessageTimestampEnabled (boolean), setPubSubNoLocal (void), isPubSubNoLocal (boolean), setReceiveTimeout (void), getReceiveTimeout (long), setDeliveryDelay (void), getDeliveryDelay (long), setExplicitQosEnabled (void), isExplicitQosEnabled (boolean), setQosSettings (void), setDeliveryPersistent (void), setDeliveryMode (void), getDeliveryMode (int), setPriority (void), getPriority (int), setTimeToLive (void), getTimeToLive (long), setObservationRegistry (..."
"spring-framework","spring-tx","SavepointManager.java","SavepointManager does not have any design pattern.  It is a public interface. The 3 methods of SavepointManager are createSavepoint (Object), rollbackToSavepoint (void) and releaseSavepoint (void). No methods call createSavepoint and createSavepoint calls no methods. No methods call rollbackToSavepoint and rollbackToSavepoint calls no methods. No methods call releaseSavepoint and releaseSavepoint calls no methods."
"spring-framework","spring-tx","TransactionTemplate.java","TransactionTemplate does not have any design pattern.  It is a public class that extends DefaultTransactionDefinition and that implements TransactionOperations and InitializingBean. The 6 methods of TransactionTemplate are setTransactionManager (void), getTransactionManager (PlatformTransactionManager), afterPropertiesSet (void), execute (T), rollbackOnException (void) and equals (boolean). No methods call setTransactionManager and setTransactionManager calls no methods. Only one method ( equals method of class TransactionTemplate ) calls getTransactionManager and getTransactionManager calls no methods. No methods call afterPropertiesSet and afterPropertiesSet calls no methods. No methods call execute and execute calls no methods. No methods call rollbackOnException and rollbackOnException calls no methods. No methods call equals and equals calls only one method : getTransactionManager method of class TransactionTemplate."
"spring-framework","spring-tx","AbstractTransactionStatus.java","AbstractTransactionStatus does not have any design pattern.  It is a public abstract class that implements TransactionStatus. The 16 methods of AbstractTransactionStatus are setRollbackOnly (void), isRollbackOnly (boolean), isLocalRollbackOnly (boolean), isGlobalRollbackOnly (boolean), setCompleted (void), isCompleted (boolean), hasSavepoint (boolean), setSavepoint (void), getSavepoint (Object), createAndHoldSavepoint (void), rollbackToHeldSavepoint (void), releaseHeldSavepoint (void), createSavepoint (Object), rollbackToSavepoint (void), releaseSavepoint (void) and getSavepointManager (SavepointManager). No methods call setRollbackOnly and setRollbackOnly calls no methods. No methods call isRollbackOnly and isRollbackOnly calls 2 methods : isGlobalRollbackOnly method of class AbstractTransactionStatus and isLocalRollbackOnly method of class AbstractTransactionStatus. Only one method ( isRollbackOnly method of class AbstractTransactionStatus ) calls isLocalRollbackOnly and isLocalRollb..."
"spring-framework","spring-web","ClientHttpRequestFactory.java","ClientHttpRequestFactory does not have any design pattern.  It is a public interface. The only method of ClientHttpRequestFactory is createRequest (ClientHttpRequest). No methods call createRequest and createRequest calls no methods."
"spring-framework","spring-web","BufferingClientHttpResponseWrapper.java","BufferingClientHttpResponseWrapper does not have any design pattern.  It is a final class that implements ClientHttpResponse. The 5 methods of BufferingClientHttpResponseWrapper are getStatusCode (HttpStatusCode), getStatusText (String), getHeaders (HttpHeaders), getBody (InputStream) and close (void). No methods call getStatusCode and getStatusCode calls no methods. No methods call getStatusText and getStatusText calls no methods. No methods call getHeaders and getHeaders calls no methods. No methods call getBody and getBody calls no methods. No methods call close and close calls no methods."
"spring-framework","spring-web","RestTemplate.java","RestTemplate does not have any design pattern.  It is a public class that extends InterceptingHttpAccessor and that implements RestOperations. The 73 methods of RestTemplate are updateErrorHandlerConverters (void), initUriTemplateHandler (DefaultUriBuilderFactory), setMessageConverters (void), validateConverters (void), getMessageConverters (List<HttpMessageConverter<?>>), setErrorHandler (void), getErrorHandler (ResponseErrorHandler), setDefaultUriVariables (void), setUriTemplateHandler (void), getUriTemplateHandler (UriTemplateHandler), setObservationRegistry (void), getObservationRegistry (ObservationRegistry), setObservationConvention (void), getObservationConvention (ClientRequestObservationConvention), getForObject (T), getForObject (T), getForObject (T), getForEntity (ResponseEntity<T>), getForEntity (ResponseEntity<T>), getForEntity (ResponseEntity<T>), headForHeaders (HttpHeaders), headForHeaders (HttpHeaders), headForHeaders (HttpHeaders), postForLocation (URI), postForLocati..."
"spring-framework","spring-webmvc","HttpRequestHandlerAdapter.java","HttpRequestHandlerAdapter does not have any design pattern.  It is a public class that implements HandlerAdapter. The 2 methods of HttpRequestHandlerAdapter are support (boolean) and handle (ModelAndView). No methods call support and support calls no methods. No methods call handle and handle calls no methods."
"spring-framework","spring-webmvc","SimpleControllerHandlerAdapter.java","SimpleControllerHandlerAdapter does not have any design pattern.  It is a public class that implements HandlerAdapter. The 2 methods of SimpleControllerHandlerAdapter are support (boolean) and handle (ModelAndView). No methods call support and support calls no methods. No methods call handle and handle calls no methods."
"spring-framework","spring-websocket","WebSocketHandlerDecorator.java","WebSocketHandlerDecorator does not have any design pattern.  It is a public class that implements WebSocketHandler. The 9 methods of WebSocketHandlerDecorator are getDelegate (WebSocketHandler), getLastHandler (WebSocketHandler), unwrap (WebSocketHandler), afterConnectionEstablished (void), handleMessage (void), handleTransportError (void), afterConnectionClosed (void), supportsPartialMessages (boolean) and toString (String). Only one method ( getLastHandler method of class WebSocketHandlerDecorator ) calls getDelegate and getDelegate calls no methods. No methods call getLastHandler and getLastHandler calls only one method : getDelegate method of class WebSocketHandlerDecorator. No methods call unwrap and unwrap calls no methods. No methods call afterConnectionEstablished and afterConnectionEstablished calls no methods. No methods call handleMessage and handleMessage calls no methods. No methods call handleTransportError and handleTransportError calls no methods. No methods call afterC..."
