Project,Folder Name,File Name,Summary
"AbdurRKhalid","AbstractFactory","WindowsOSFactory.java","The `WindowsOSFactory` class implements the `GUIFactory` interface, serving as a concrete factory in both the Factory Method and Abstract Factory patterns. It creates Windows-specific GUI components, such as `Button` and `CheckBox`, adhering to the Abstract Factory pattern. Additionally, it participates in the Memento pattern, likely for state management. Its key collaborators are the abstract `GUIFactory` and the concrete GUI component classes it instantiates."
"AbdurRKhalid","AbstractFactory","WindowsButton.java","The `WindowsButton` class, implementing the `Button` interface, is responsible for rendering a button with a Windows-specific look and feel. It collaborates with the abstract factory pattern to create platform-specific UI components. The class overrides the `paint()` method to provide Windows-specific painting behavior. Additionally, it participates in the memento pattern, allowing the button's state to be saved and restored."
"AbdurRKhalid","AbstractFactory","Button.java","The `Button` interface defines a contract for painting buttons, serving as an abstract product in the Abstract Factory pattern. It collaborates with concrete button implementations, which are created by specific factory implementations. The interface's `paint()` method is implemented by these concrete classes to render buttons according to their respective look and feel. Additionally, the `Button` interface is involved in the Memento pattern, suggesting it participates in state-saving and restoration processes."
"AbdurRKhalid","AbstractFactory","Test.java","The `Test` class serves as the entry point for the application, responsible for initiating the program execution. It collaborates with the `Application` class by invoking its `paint` method. No explicit design patterns are captured in the static analysis of this class."
"AbdurRKhalid","AbstractFactory","CheckBox.java","The `CheckBox` interface defines a contract for painting a checkbox component, adhering to the Abstract Factory pattern to create platform-specific UI elements. It collaborates with concrete implementations to render the checkbox. The Memento pattern is also detected, suggesting state management capabilities for the checkbox."
"AbdurRKhalid","AbstractFactory","MacOSFactory.java","The `MacOSFactory` class, implementing the `GUIFactory` interface, is responsible for creating macOS-specific GUI components, specifically `Button` and `CheckBox` instances. It collaborates with these concrete product classes to fulfill its role as a concrete factory in the Abstract Factory design pattern. Additionally, static analysis suggests the presence of the Memento pattern within the project."
"AbdurRKhalid","AbstractFactory","MacOSButton.java","The MacOSButton class, implementing the Button interface, is responsible for rendering buttons specific to the macOS operating system. It collaborates with the Abstract Factory pattern to create platform-specific UI components, while also participating in the Memento pattern for object state management. Its sole method, paint(), overrides the interface's method to provide macOS-specific rendering."
"AbdurRKhalid","AbstractFactory","WindowsCheckBox.java","The WindowsCheckBox class, implementing the CheckBox interface, is responsible for rendering a checkbox component in a Windows-specific style. It collaborates with the abstract factory and factory method patterns to create platform-specific UI components, while also participating in the memento pattern for state management. Its sole method, paint(), overrides the interface's method to provide the specific rendering behavior."
"AbdurRKhalid","AbstractFactory","Application.java","The `Application` class is responsible for creating and managing GUI components, specifically `Button` and `CheckBox`, using a `GUIFactory`. It collaborates with `GUIFactory` to instantiate these components and utilizes the `paint` method to render them. The class is part of a system that employs the Memento pattern, as indicated by static analysis, suggesting it may save and restore its internal state."
"AbdurRKhalid","AbstractFactory","MacOSCheckBox.java","The `MacOSCheckBox` class, implementing the `CheckBox` interface, is responsible for rendering checkboxes in a macOS-specific manner. It collaborates with the abstract factory and factory method patterns to create platform-specific UI components. Additionally, it participates in the memento pattern, likely for saving and restoring its state. Its primary role is to provide macOS-style checkbox rendering within the broader UI component creation framework."
"AbdurRKhalid","AbstractFactory","GUIFactory.java","The `GUIFactory` interface defines a contract for creating GUI components, specifically `Button` and `CheckBox` objects, adhering to the Abstract Factory pattern. It collaborates with concrete factory implementations to produce platform-specific GUI components. The interface also participates in the Factory Method pattern, delegating the instantiation of products to subclasses. Additionally, it is involved in the Memento pattern, suggesting its role in capturing and restoring the state of GUI components."
"AbdurRKhalid","Adapter","RoundHole.java","The `RoundHole` class represents a round hole with a specified radius. It is responsible for determining if a `RoundPeg` can fit through it. The class collaborates with `RoundPeg` to perform this check. It does not participate in any explicit design patterns."
"AbdurRKhalid","Adapter","RoundPeg.java","The `RoundPeg` class represents a peg with a circular shape, encapsulating its radius as a private field. It provides a constructor and a getter method to access the radius. This class serves as the adaptee in the Adapter design pattern, allowing it to be used with classes expecting a different interface, such as square pegs."
"AbdurRKhalid","Adapter","SquarePegAdapter.java","The SquarePegAdapter class acts as an adapter in the Adapter design pattern, converting the interface of a SquarePeg to be compatible with a RoundPeg. It extends RoundPeg and contains a SquarePeg instance, utilizing it to override the getRadius() method to provide the adapted functionality."
"AbdurRKhalid","Adapter","Test.java","The `Test` class serves as the entry point for the AbdurRKhalid_Adapter project, with a singular responsibility of executing the main method. It lacks explicit collaborators and does not participate in any discernible design patterns. Its sole purpose is to initiate the program's execution, as inferred from the presence of the `main` method."
"AbdurRKhalid","Adapter","SquarePeg.java","The SquarePeg class represents a square object with a specified width. It provides methods to retrieve the width and calculate the area of the square. As part of the Adapter pattern, it serves as the adaptee, collaborating with an adapter to enable compatibility with round pegs."
"AbdurRKhalid","Decorator","DataSourceDecorator.java","The `DataSourceDecorator` class serves as a decorator for `DataSource` objects, implementing the same interface. It wraps a `DataSource` instance, delegating calls to it while allowing for additional behavior to be added. The class has a single collaborator, `DataSource`, which is injected via the constructor. It overrides the `writeData` and `readData` methods, indicating it follows the Decorator design pattern."
"AbdurRKhalid","Decorator","EncryptionDecorator.java","The `EncryptionDecorator` class extends `DataSourceDecorator` and implements the Decorator pattern to add encryption functionality. It decorates a `DataSource` object, accepting it in its constructor. The class is responsible for encoding data before writing and decoding data after reading, utilizing private methods `encode` and `decode`. It overrides `writeData` and `readData` methods, calling `encode` during the write operation."
"AbdurRKhalid","Decorator","Test.java","The `Test` class serves as the entry point for the application, initiating data operations. It collaborates with `DataSource` and `DataSourceDecorator` to read and write data, demonstrating a decorator pattern where `DataSourceDecorator` enhances the functionality of `DataSource`. The class's responsibility is to orchestrate these operations through its `main` method."
"AbdurRKhalid","Decorator","CompressionDecorator.java","The CompressionDecorator class extends DataSourceDecorator and implements the Decorator pattern to add compression functionality to a DataSource. It maintains a private compression level field and collaborates with a DataSource instance. The class overrides writeData and readData methods to compress and decompress data, respectively, utilizing private compress and decompress methods."
"AbdurRKhalid","Decorator","FileDataSource.java","The `FileDataSource` class, implementing the `DataSource` interface, is responsible for reading and writing data to a file, identified by a private `name` field. It collaborates with the `DataSource` interface to provide concrete implementations for the `writeData` and `readData` methods. No design pattern roles are explicitly captured in static analysis."
"AbdurRKhalid","Decorator","DataSource.java","The `DataSource` interface defines a contract for data manipulation operations, specifically `writeData` and `readData` methods. It serves as an abstraction for data handling, with its operations invoked by the `Test` class's `main` method. No design patterns are explicitly identified in the static analysis."
"AbdurRKhalid","Facade","Codec.java","The `Codec` interface, part of the AbdurRKhalid_Facade project, defines a contract for encoding and decoding data, serving as a facade to simplify complex subsystems. It collaborates with unspecified implementers to manage data transformation processes. The interface operates within the context of the Memento design pattern, suggesting its role in capturing and restoring the state of objects for undo operations."
"AbdurRKhalid","Facade","OggCompressionCodec.java","The `OggCompressionCodec` class implements the `Codec` interface, indicating its responsibility for providing compression and decompression capabilities specific to the OGG format. It collaborates with other components through the `Codec` interface. Notably, static analysis suggests its involvement in the Memento pattern, hinting at its role in capturing and restoring internal states."
"AbdurRKhalid","Facade","Test.java","The `Test` class serves as an entry point for the AbdurRKhalid_Facade project, responsible for initiating the video conversion process. It collaborates with the `VideoConversionFacade` class, delegating the video conversion task to it through the `convertVideo` method. The class does not exhibit any explicit design pattern roles."
"AbdurRKhalid","Facade","VideoConversionFacade.java","The VideoConversionFacade class serves as a public interface for video conversion operations. It is responsible for converting a video file to a specified format by delegating tasks to collaborators: CodecFactory for extracting codecs, BitrateReader for reading and converting bitrates, and AudioMixer for fixing audio. It interacts with the Test class and does not explicitly implement any design patterns."
"AbdurRKhalid","Facade","VideoFile.java","The VideoFile class encapsulates video file information, storing the file name and codec type as private fields. It provides public getter methods to access these values. The class is instantiated by the CodecFactory class, which uses it to extract codec information. No explicit design patterns are identified in this class."
"AbdurRKhalid","Facade","AudioMixer.java","The `AudioMixer` class is responsible for processing and fixing audio in a video file. It is a public class with a single method, `fix`, which takes a `VideoFile` object as input and returns a `File` object. The class collaborates with the `VideoConversionFacade` class, which calls its `fix` method during video conversion. No explicit design patterns are captured in the static analysis of this class."
"AbdurRKhalid","Facade","CodecFactory.java","The `CodecFactory` class is responsible for extracting the appropriate codec from a given video file. It collaborates with the `VideoConversionFacade` class, which calls its static `extract` method, and the `VideoFile` class, from which it retrieves the codec type. This class operates within the Memento design pattern context, facilitating the restoration of the codec state."
"AbdurRKhalid","Facade","MPEG4CompressionCodec.java","The MPEG4CompressionCodec class implements the Codec interface, indicating its responsibility for handling MPEG-4 compression. It collaborates with other classes through the Codec interface, suggesting it may be used interchangeably with other codecs. The class is part of the Memento pattern, implying it can save and restore its internal state. It has a single public field, type, initialized to ""mp4""."
"AbdurRKhalid","Facade","BitrateReader.java","The BitrateReader class is responsible for reading and converting video files using specified codecs. It provides two static methods: read and convert, which operate on VideoFile objects. This class collaborates with the VideoFile and Codec classes. It is invoked by the VideoConversionFacade for video conversion tasks. No explicit design patterns are captured in the static analysis."
"AbdurRKhalid","FactoryMethod","WindowsButton.java","The `WindowsButton` class, implementing the `Button` interface, is responsible for rendering and handling click events specific to a Windows operating system environment. It collaborates with itself to manage these actions. Within the Factory Method pattern, it serves as a concrete product, created by a corresponding factory. Additionally, it participates in the Memento pattern, suggesting it maintains state that can be saved and restored."
"AbdurRKhalid","FactoryMethod","Button.java","The `Button` interface defines a public contract for button-like components, specifying `render` and `onClick` methods. It serves as an abstraction for concrete button implementations, enabling polymorphic behavior. The interface participates in the Memento pattern, suggesting it may be involved in capturing and restoring internal states. Collaborators are implied through the pattern, likely including a `Caretaker` and `Memento` classes."
"AbdurRKhalid","FactoryMethod","Test.java","The `Test` class serves as an entry point for the application, containing a static `main` method. It holds a private static field `dialog` of type `Dialog`, indicating its responsibility to create and manage a dialog instance. No explicit design patterns are captured in static analysis, suggesting a straightforward implementation."
"AbdurRKhalid","FactoryMethod","Dialog.java","The `Dialog` class is an abstract class that serves as a creator in the Factory Method pattern, responsible for rendering a window and creating buttons. It collaborates with a concrete subclass to implement the abstract `createButton` method. The class also participates in the Memento pattern, suggesting it maintains internal state that can be saved and restored. Its primary responsibility is to define the interface for creating buttons and rendering the dialog window."
"AbdurRKhalid","FactoryMethod","WindowsDialog.java","The `WindowsDialog` class, a public subclass of `Dialog`, is responsible for creating and managing Windows-specific dialog buttons. It overrides the `createButton()` method to produce platform-specific buttons, collaborating with the `Button` class. Notably, it operates within the context of the Memento pattern, suggesting its involvement in capturing and restoring internal states."
"AbdurRKhalid","FactoryMethod","HtmlDialog.java","The `HtmlDialog` class, a public subclass of `Dialog`, is responsible for creating HTML-specific dialog buttons. It overrides the `createButton()` method to tailor button creation for HTML contexts. Collaborating with the `Button` class, it adheres to the Factory Method pattern, delegating button instantiation to subclasses. Notably, static analysis suggests the presence of the Memento pattern within the project, though `HtmlDialog`'s direct involvement is not specified."
"AbdurRKhalid","FactoryMethod","HtmlButton.java","The `HtmlButton` class, implementing the `Button` interface, is responsible for rendering and handling click events for HTML buttons. It collaborates with itself to perform these actions. Within the Factory Method pattern, it serves as a concrete product, while the Memento pattern suggests it maintains internal state for undo/redo operations."
"AbdurRKhalid","Memento","TextEditor.java","The TextEditor class manages text editing operations, collaborating with a TextWindow to display and manipulate text. It maintains a saved state of the TextWindow to enable undo functionality. The class is responsible for saving the current state and restoring the previous state upon an undo request. No explicit design patterns are captured in the static analysis."
"AbdurRKhalid","Memento","TextWindow.java","The TextWindow class is responsible for managing and manipulating a string of text, represented by the private StringBuilder field currentText. It provides methods to add text, save the current state, and restore a previously saved state. The class collaborates with the TextWindowState class for state management, but no explicit design patterns are captured in the static analysis."
"AbdurRKhalid","Memento","TextWindowState.java","The TextWindowState class encapsulates the state of a text window, storing the text content as a private String field. It provides a constructor to initialize the text and a getter method to retrieve it. The class serves as a Memento, capturing and externalizing the internal state of a text window for later restoration, adhering to the Memento design pattern."
"AbdurRKhalid","Observer","EmailNotificationListener.java","The `EmailNotificationListener` class, implementing the `EventListener` interface, is responsible for handling email notifications triggered by specific events. It collaborates with a `File` object to access event-related data and utilizes a private `email` field to determine the recipient. This class plays the role of an observer in the Observer design pattern, reacting to events and updating accordingly."
"AbdurRKhalid","Observer","EventManager.java","The EventManager class, implementing the Observer pattern, manages event listeners for various operations. It maintains a map of event types to lists of EventListener collaborators. Its responsibilities include subscribing and unsubscribing listeners to specific event types, and notifying listeners when an event occurs, passing relevant file data."
"AbdurRKhalid","Observer","EventListener.java","The `EventListener` interface defines a contract for observers in the Observer pattern, requiring implementing classes to provide an `update` method. This method is invoked with a string event type and a file object, indicating that collaborators notify listeners of file-related events. The interface serves as the observer role in the pattern, facilitating decoupled communication between subjects and observers."
"AbdurRKhalid","Observer","Editor.java","The Editor class is responsible for managing file operations, specifically opening and saving files. It collaborates with an EventManager to handle events and maintains a reference to a File. The class does not explicitly implement any design patterns, as per static analysis."
"AbdurRKhalid","Observer","LogOpenListener.java","The `LogOpenListener` class, implementing the `EventListener` interface, acts as an observer in the Observer design pattern. It is responsible for handling file-related events, specifically updating a log file when notified. The class collaborates with the `File` class to manage the log file, which is initialized via the constructor. The `update` method is overridden to process event notifications."
"AbdurRKhalid","Singleton","Test.java","The `Test` class serves as an entry point for the application, containing a single public static `main` method. It is responsible for initiating the program execution, likely invoking other classes or methods within the project. No explicit design patterns or collaborators are identified through static analysis."
"AbdurRKhalid","Singleton","Singleton.java","The Singleton class is responsible for managing a single instance of itself, providing controlled access to that instance through the getInstance method. It collaborates with the String class to initialize its value. The class implements the Singleton design pattern, ensuring only one instance exists and providing a global point of access to it. The private constructor prevents external instantiation."
"AbdurRKhalid","Visitor","ComputerPart.java","The `ComputerPart` interface defines a contract for accepting a `ComputerPartVisitor`, facilitating the Visitor design pattern. It serves as an element in the pattern, allowing operations to be performed on its implementing classes without modifying them. The interface is utilized by the `Test` class and is extended by the `Computer` class, which calls the `accept` method to enable visitor operations."
"AbdurRKhalid","Visitor","Monitor.java","The `Monitor` class, a public subclass of `ComputerPart`, implements the Visitor design pattern by accepting a `ComputerPartVisitor` to perform operations on itself. Its primary responsibility is to facilitate the visitor's access to its specific functionality through the `accept` method, which delegates to the visitor's `visit` method. This enables the visitor to handle monitor-specific operations."
"AbdurRKhalid","Visitor","Mouse.java","The `Mouse` class, a public subclass of `ComputerPart`, implements the Visitor pattern by defining an `accept` method that takes a `ComputerPartVisitor` as an argument. Its primary responsibility is to facilitate the visitor's access to its operations, delegating to the visitor's `visit` method. This design enables the visitor to perform operations on the `Mouse` without modifying its class."
"AbdurRKhalid","Visitor","ComputerPartDisplayVisitor.java","The `ComputerPartDisplayVisitor` class, implementing the Visitor pattern, extends `ComputerPartVisitor` and overrides methods to visit specific computer parts: `Computer`, `Mouse`, `Keyboard`, and `Monitor`. It collaborates with these concrete element classes to perform display-related operations, adhering to the Visitor pattern's structure."
"AbdurRKhalid","Visitor","Test.java","The `Test` class serves as the entry point for the AbdurRKhalid_Visitor project, with a single public static `main` method. Its primary responsibility is to initiate the program execution, which involves invoking the `accept` method on a `ComputerPart` object, suggesting it acts as a client in a potential Visitor pattern implementation. No explicit design patterns are captured in static analysis."
"AbdurRKhalid","Visitor","Keyboard.java","The `Keyboard` class, a public subclass of `ComputerPart`, implements the Visitor pattern by defining an `accept` method that takes a `ComputerPartVisitor` as an argument. Its primary responsibility is to facilitate the visitor's access to itself, delegating the operation to the visitor via the `visit` method. This design enables the visitor to perform operations on the `Keyboard` without modifying its class."
"AbdurRKhalid","Visitor","Computer.java","The `Computer` class, extending and implementing `ComputerPart`, represents a component in a hierarchical structure. It maintains a collection of `ComputerPart` objects and facilitates visitor access via the `accept` method, which invokes the visitor's `visit` method. This class adheres to the Visitor design pattern, enabling operations on the object structure without modifying the classes of the elements on which it operates."
"AbdurRKhalid","Visitor","ComputerPartVisitor.java","The `ComputerPartVisitor` interface defines a visitor pattern, specifying operations for visiting different computer parts. It declares methods to visit `Computer`, `Mouse`, `Keyboard`, and `Monitor` objects, which call the corresponding `accept` methods. This interface enables operations to be performed on computer parts without modifying their classes, adhering to the Visitor design pattern."
"JamesZBL","abstract-factory","YoungSailor.java","The `YoungSailor` class, implementing the `Sailor` interface, represents a young sailor with a static description field. It collaborates with other classes through the factory method, abstract factory, observer, and memento patterns, suggesting it is created and managed by factory classes, observed by other objects, and supports state saving/restoration. Its primary responsibility is to provide a description of a young sailor."
"JamesZBL","abstract-factory","OldShip.java","The `OldShip` class, implementing the `Ship` interface, represents a specific type of ship with a predefined description. It collaborates within an abstract factory pattern context, suggesting it is created by a factory method. Additionally, it participates in observer and memento patterns, indicating it may be observed for state changes and support state restoration. Its primary responsibility is to provide a description of an old ship."
"JamesZBL","abstract-factory","YoungTeamFactory.java","The `YoungTeamFactory` class, implementing the `TeamFactory` interface, is responsible for creating young team members, including ships, captains, and sailors. It collaborates with the `Ship`, `Captain`, and `Sailor` classes to instantiate these objects. This class plays a role in the Factory Method, Abstract Factory, and Memento design patterns, facilitating the creation of objects and their states."
"JamesZBL","abstract-factory","YoungCaptain.java","The `YoungCaptain` class, implementing the `Captain` interface, represents a young captain with a specific description. It collaborates within an abstract factory, observer, and memento pattern context, suggesting it is created by a factory, can be observed, and its state can be saved and restored. Its primary responsibility is to provide a description of a young captain."
"JamesZBL","abstract-factory","Captain.java","The `Captain` interface, extending `Member`, defines the role of a captain within the system. It participates in the abstract factory, observer, and memento patterns, suggesting it is created through a factory, observes or is observed by other objects, and maintains state that can be saved and restored. Its collaborators are implied by these patterns, including factories, observers, and mementos."
"JamesZBL","abstract-factory","OldSailor.java","The `OldSailor` class, implementing the `Sailor` interface, represents an old sailor with a static description. It provides a method to retrieve this description. It participates in multiple design patterns: it is created via a factory method within an abstract factory, can be observed, and its state can be saved and restored using the memento pattern."
"JamesZBL","abstract-factory","NewShip.java","The `NewShip` class, implementing the `Ship` interface, represents a new ship with a static description. It collaborates within an abstract factory pattern context, suggesting it is created by a concrete factory. Additionally, it participates in observer and memento patterns, indicating it may notify observers of state changes and support object state saving and restoration."
"JamesZBL","abstract-factory","PermanentTeamFactory.java","The `PermanentTeamFactory` class, implementing the `TeamFactory` interface, is responsible for creating permanent team members, including ships, captains, and sailors. It collaborates with the `Ship`, `Captain`, and `Sailor` classes to instantiate these objects. This class plays the role of a concrete factory in the Abstract Factory pattern, providing an interface for creating families of related or dependent objects without specifying their concrete classes. Additionally, it participates in the Memento pattern, suggesting it may save and restore the state of the created objects."
"JamesZBL","abstract-factory","OldCaptain.java","The OldCaptain class, implementing the Captain interface, is responsible for providing a description of an old captain. It collaborates with the abstract factory, observer, and memento patterns, suggesting it may be created or managed by an abstract factory, observed for state changes, and support state restoration. Its sole field, DESCRIPTION, is a static final string."
"JamesZBL","abstract-factory","Ship.java","The `Ship` interface, extending `Member`, serves as an abstract blueprint for ship entities within the system. It participates in the abstract factory, observer, and memento patterns, indicating its role in object creation, state observation, and state preservation mechanisms. Collaborators include other classes involved in these patterns, facilitating the creation, notification, and restoration of ship states."
"JamesZBL","abstract-factory","TeamFactory.java","The `TeamFactory` interface defines a contract for creating teams of ships, captains, and sailors, adhering to the Abstract Factory pattern. It declares methods for creating each team member, suggesting its responsibility is to abstract the instantiation process. Collaborators include `Ship`, `Captain`, and `Sailor`. Static analysis also detected Factory Method and Memento patterns, indicating potential roles in creating and saving/restoring team configurations."
"JamesZBL","abstract-factory","Application.java","The `Application` class is responsible for managing a team consisting of a `Ship`, `Captain`, and `Sailor` using the `TeamFactory`. It utilizes the Observer and Memento design patterns, suggesting it monitors state changes and maintains historical states. The class collaborates with these entities and the factory to create and manage the team."
"JamesZBL","abstract-factory","Member.java","The `Member` interface defines a contract for objects that can provide a description through the `getDescription()` method. It serves as an abstract blueprint for member entities within the system, without specifying implementation details. No explicit design patterns are identified, and no collaborators are specified within the interface itself."
"JamesZBL","abstract-factory","Sailor.java","The `Sailor` interface, extending `Member`, defines a role within a maritime context, participating in the abstract factory, observer, and memento patterns. It collaborates with other factory-produced objects and observers, maintaining state changes and enabling state restoration. Its responsibilities include adhering to the abstract factory's product interface and supporting observation and memento functionalities."
"JamesZBL","adapter","Bus.java","The `Bus` class in the JamesZBL_adapter project is responsible for executing a specific operation, as indicated by its `run()` method. It utilizes a `Logger` instance for logging purposes, which is a static final field created using `LoggerFactory`. No design patterns are explicitly identified in this class."
"JamesZBL","adapter","Car.java","The `Car` interface, part of the JamesZBL_adapter project, defines a single method `drive()` to represent the fundamental operation of a car. It serves as a core component in the Decorator pattern, allowing for the dynamic addition of responsibilities to car objects through decorator classes. The interface sets the stage for various car implementations and their enhancements, collaborating with decorators to extend functionality without altering the original classes."
"JamesZBL","adapter","Driver.java","The `Driver` class, implementing the `Car` interface, is responsible for driving a car. It collaborates with a `Car` instance, which is injected via its constructor. The class adheres to the Decorator pattern, allowing for the dynamic addition of responsibilities to the `Car` interface. The `drive()` method is overridden to provide specific driving behavior."
"JamesZBL","adapter","Application.java","The Application class serves as the entry point for the JamesZBL_adapter project, with its sole responsibility being to initiate the program execution through the main method. It does not exhibit any explicit design pattern roles or collaborate with other classes, as indicated by the lack of captured design pattern insights in static analysis."
"JamesZBL","adapter","BusAdapter.java","The BusAdapter class, implementing the Car interface, acts as a decorator, adapting a Bus to conform to the Car interface. It contains a private Bus instance, indicating its primary collaborator. The class overrides the drive method, suggesting it modifies or extends the Bus's driving behavior. This class adheres to the Decorator design pattern, enhancing functionality without altering the original Bus class."
"JamesZBL","decorator","HammerSmithOperation.java","The `HammerSmithOperation` class, implementing the `Operation` interface, serves as a decorator in the Decorator pattern, enhancing the behavior of other `Operation` objects. It maintains a reference to a `previousOperation`, which it decorates, and utilizes a logger for tracking. Its methods `checkBefore`, `join`, and `chekcAfter` override those of the `Operation` interface, indicating it extends the functionality of the operation it decorates."
"JamesZBL","decorator","Operation.java","The `Operation` interface defines a contract for operations with methods `checkBefore`, `join`, and `checkAfter`, indicating a sequence of actions. It serves as a component in the Decorator pattern, allowing dynamic behavior extension. Collaborators are implied to be concrete implementations and decorators that adhere to this interface."
"JamesZBL","decorator","Application.java","The `Application` class serves as the entry point for the JamesZBL_decorator project, responsible for initiating the program execution. It utilizes the `Logger` interface from the `LoggerFactory` for logging purposes, indicating a collaboration with a logging framework. The class does not exhibit any explicit design pattern roles based on static analysis."
"JamesZBL","decorator","CarpenterOperation.java","The `CarpenterOperation` class, implementing the `Operation` interface, serves as a concrete component in the Decorator pattern, focusing on carpentry-related tasks. It utilizes a `Logger` for logging operations and overrides methods to perform pre- and post-checks, as well as a join operation. The class collaborates with other `Operation` implementations, allowing for dynamic behavior extension through decoration."
"JamesZBL","facade","CourseFacade.java","The CourseFacade class serves as an intermediary for managing course participants, encapsulating the complexity of participant interactions. It maintains a list of CourseParticipator objects and provides methods to prepare, proceed, and stop course-related activities. No explicit design patterns are identified."
"JamesZBL","facade","CourseParticipator.java","The `CourseParticipator` class is an abstract public class responsible for managing course-related actions such as preparation, progression, and termination, as well as handling school and home transitions. It utilizes a static `Logger` for logging purposes. The class interacts with itself for various actions and name retrieval, suggesting a self-contained design. No explicit design patterns are identified."
"JamesZBL","facade","CourseStudent.java","The `CourseStudent` class, a public subclass of `CourseParticipator`, is responsible for representing a student in a course. It overrides the `name()` method to provide student-specific naming functionality. Collaborating with other course-related classes through inheritance, it extends the base participant functionality to cater to student-specific requirements. No design patterns are explicitly captured in static analysis."
"JamesZBL","facade","Application.java","The `Application` class serves as the entry point for the JamesZBL_facade project, with its sole responsibility being to initiate the program execution. It contains a public static `main` method that takes a `String` array as an argument, indicating it accepts command-line arguments. No design patterns or collaborators are explicitly identified within this class."
"JamesZBL","facade","CourseTeacher.java","The CourseTeacher class, a public subclass of CourseParticipator, is responsible for representing a teacher within a course context. It overrides the name() method to provide teacher-specific naming functionality. Collaborating with other classes through its parent class, CourseTeacher extends the base participant functionality to cater to teacher-specific requirements, without explicitly implementing any design patterns."
"JamesZBL","factory-method","ChineseCook.java","The ChineseCook class, implementing the Cook interface, is responsible for preparing food based on the specified FoodType. It collaborates with the Food class to produce the cooked food. This class participates in the factory method pattern by overriding the cookFood method, suggesting it creates specific food products. Additionally, it is involved in the abstract factory and memento patterns, indicating roles in creating families of related objects and capturing and restoring object states, respectively."
"JamesZBL","factory-method","FoodType.java","The `FoodType` class encapsulates the concept of a food type, primarily responsible for storing and providing access to the name of the food type. It collaborates with other classes that require food type information, offering a simple constructor to initialize the name and a getter method to retrieve it. No explicit design pattern roles are identified."
"JamesZBL","factory-method","WesternFood.java","The `WesternFood` class implements the `Food` interface, representing a type of western cuisine. It collaborates with the `FoodType` class to determine the specific type of western food. This class participates in the factory method, abstract factory, and memento design patterns, suggesting it is created by a factory and can be serialized or saved and restored."
"JamesZBL","factory-method","Cook.java","The `Cook` interface defines a contract for cooking food, with the `cookFood` method taking a `FoodType` parameter. It participates in the Factory Method pattern, suggesting it may create food objects. Additionally, it is involved in the Abstract Factory and Memento patterns, indicating it might collaborate with other factories and manage state snapshots."
"JamesZBL","factory-method","ChineseFood.java","The `ChineseFood` class implements the `Food` interface, representing a type of Chinese cuisine. It collaborates with the `FoodType` class to determine the specific type of Chinese food. This class participates in the factory method, abstract factory, and memento design patterns, suggesting its role in creating, managing, and potentially restoring food objects."
"JamesZBL","factory-method","Application.java","The `Application` class serves as the entry point for the program, utilizing the Factory Method pattern to create and manage a `Cook` instance. It maintains a private `Cook` field and a static `Logger` for logging purposes. The class's primary responsibility is to initiate the food-making process through the `main` method, which delegates the task to the `makeFood` method."
"JamesZBL","factory-method","WesternCook.java","The WesternCook class, implementing the Cook interface, is responsible for preparing food based on specified food types. It collaborates with the Food class and participates in the abstract factory pattern, suggesting it is part of a family of factories producing related objects. Additionally, it engages in the memento pattern, indicating it saves and restores internal states."
"JamesZBL","factory-method","Food.java","The `Food` interface defines a contract for food items, requiring the implementation of a `getFoodType()` method to retrieve the type of food. It participates in the Abstract Factory pattern, suggesting it is part of a system for creating families of related objects. The detection of the Memento pattern indicates potential involvement in object state management, though specific collaborators are not explicitly detailed."
"JamesZBL","memento","Flower.java","The `Flower` class, extending `Plant`, represents a flower with attributes like type, name, height, and weight. It collaborates with `FlowerMemento` for state management, implementing the Memento pattern. The class participates in the Abstract Factory and Observer patterns, suggesting it is created via a factory and notifies observers of state changes. It overrides methods from `Plant` and provides specific flower-related functionality."
"JamesZBL","memento","Plant.java","The `Plant` interface defines a contract for plant objects, specifying methods to retrieve weight, height, and type. It serves as an abstract factory product, collaborating with factory classes to create specific plant instances. The interface encapsulates the essential attributes of a plant, enabling consistent interaction with various plant types within the system."
"JamesZBL","memento","FlowerType.java","The `FlowerType` class encapsulates the name of a flower type, serving as a simple data holder. It collaborates with other classes in the context of the Observer pattern, suggesting it may be a subject or observer, though the exact role is not specified. The class provides a constructor for initialization and a overridden `toString()` method for string representation."
"JamesZBL","memento","Application.java","The `Application` class serves as the entry point for the JamesZBL_memento project, with a single responsibility of initiating the program execution. It utilizes the `Logger` interface from the `LoggerFactory` for logging purposes, indicating its role in managing application-level logging. The class does not explicitly implement any design patterns."
"JamesZBL","observer","Northern.java","The `Northern` class, implementing the `TimeObserver` interface, serves as an observer in the Observer pattern, reacting to time updates. It utilizes a static `Logger` for logging purposes. Its sole responsibility is to respond to time changes, as encapsulated in the `update(TimePoint time)` method, which overrides the interface's definition."
"JamesZBL","observer","TimePoint.java","The `TimePoint` class encapsulates a time-related entity with a name, serving as a simple data holder. It has a single private field, `name`, and a constructor to initialize it. The class overrides the `toString()` method, likely for string representation. It has no explicit collaborators or design pattern roles."
"JamesZBL","observer","Time.java","The `Time` class, adhering to the Observer pattern, manages a `TimePoint` and notifies registered `TimeObserver` instances of changes. It maintains a list of observers and provides methods to add or remove them. The class uses a logger for internal tracking. Its primary responsibility is to notify observers when time passes, achieved through the `passing` and `notifyObservers` methods."
"JamesZBL","observer","Southern.java","The `Southern` class, implementing the `TimeObserver` interface, acts as an observer in the Observer pattern, reacting to time updates. It collaborates with a `Logger` for logging purposes and receives time updates through the `update(TimePoint time)` method, adhering to the observer pattern's design."
"JamesZBL","observer","Application.java","The `Application` class serves as the entry point for the JamesZBL_observer project, with the sole responsibility of initiating the program execution. It contains a single public static `main` method, which takes a String array as an argument, indicating it's designed to start the application when invoked. No design patterns or collaborators are explicitly captured in the static analysis."
"JamesZBL","observer","TimeObserver.java","The `TimeObserver` interface defines a contract for observing time updates within the Observer pattern. Its sole responsibility is to declare the `update(TimePoint time)` method, which concrete observers must implement to react to time changes. Collaborators include the `TimePoint` class, which provides the time data. This interface serves as the observer role in the pattern, enabling decoupled communication between time subjects and their observers."
"JamesZBL","singleton","ThreadSafeDoubleCheckLocking.java","The `ThreadSafeDoubleCheckLocking` class implements the Singleton pattern, ensuring a single instance of itself is created and shared. It uses a private constructor and a static volatile field `INSTANCE` to maintain the single instance. The `getInstance()` method provides global access to this instance, employing double-checked locking for thread safety. The class also exhibits Memento pattern traits, suggesting it may be involved in capturing and restoring internal states."
"JamesZBL","singleton","EnumDirector.java","The `EnumDirector` class is a public enumeration that overrides the `toString()` method to provide a custom string representation. It serves as a type-safe singleton, ensuring a single instance of its type. The class does not explicitly collaborate with other classes, and no design patterns are captured in static analysis. Its primary responsibility is to manage and represent its instances through the overridden `toString()` method."
"JamesZBL","singleton","LazyInitializationDirector.java","The `LazyInitializationDirector` class is a public final singleton that implements lazy initialization. It ensures only one instance exists by providing a private constructor and a static `getInstance()` method. The class collaborates with itself through a private static final instance field. It adheres to the Singleton pattern, ensuring a single point of access, and is involved in the Memento pattern, suggesting it may manage or restore state."
"JamesZBL","singleton","Director.java","The `Director` class is a public final class that implements the Singleton pattern, ensuring only one instance exists. It creates and manages the state of other objects, suggesting a role in the Memento pattern. The single private constructor and static `getInstance()` method control instance access. The class collaborates with other objects to save and restore their internal state, acting as a caretaker in the Memento pattern."
"JamesZBL","singleton","ThreadSafeLazyLoadDirector.java","The `ThreadSafeLazyLoadDirector` class implements the Singleton pattern, ensuring a single instance is created and accessed in a thread-safe manner. It uses lazy initialization, with the `INSTANCE` field being volatile to guarantee visibility across threads. The class collaborates with itself to manage its sole instance, providing a synchronized `getInstance()` method for controlled access. Additionally, static analysis suggests the presence of the Memento pattern, though no explicit collaborators are evident."
"JamesZBL","singleton","Application.java","The `Application` class serves as the entry point for the JamesZBL_singleton project, housing the `main` method to initiate program execution. It collaborates with a `Logger` instance, obtained via `LoggerFactory`, to facilitate logging operations. No explicit design patterns are identified within this class."
"JamesZBL","visitor","Boss.java","The `Boss` class, a public subclass of `Unit`, represents a unit with subordinate units. It initializes with a variable number of child units. The class overrides `beVisited` to accept a `UnitVisitor`, facilitating the Visitor pattern for operation execution on the unit hierarchy. It also overrides `toString` for string representation. Collaborators include `Unit` and `UnitVisitor`."
"JamesZBL","visitor","Engineer.java","The Engineer class, a public subclass of Unit, represents an entity within the JamesZBL_visitor project. It is initialized with a variable number of Unit children, indicating a hierarchical relationship. Its primary responsibility is to facilitate visitation by accepting a UnitVisitor through the beVisited method, adhering to the Visitor design pattern. The class also overrides the toString method, suggesting custom string representation. No additional design patterns are explicitly captured in static analysis."
"JamesZBL","visitor","ManagerVisitor.java","The ManagerVisitor class, implementing the UnitVisitor interface, is responsible for visiting and performing operations on Engineer, Boss, and Manager objects. It utilizes a static Logger for logging purposes. This class adheres to the Visitor design pattern, allowing it to apply specific operations to each type of unit without modifying their classes."
"JamesZBL","visitor","UnitVisitor.java","The UnitVisitor interface defines a visitor pattern, enabling operations to be performed on different unit types without modifying their classes. It declares three visit methods for Engineer, Boss, and Manager collaborators, allowing the interface to accommodate various unit types."
"JamesZBL","visitor","BossVisitor.java","The BossVisitor class, implementing the UnitVisitor interface, is responsible for visiting and performing operations on different unit types: Engineer, Boss, and Manager. It utilizes a static Logger for logging purposes. The class follows the Visitor design pattern, allowing it to apply specific operations to each unit type. Its key collaborators are the Engineer, Boss, and Manager classes."
"JamesZBL","visitor","EngineerVisitor.java","The EngineerVisitor class, implementing the UnitVisitor interface, is responsible for visiting and processing Engineer, Boss, and Manager units, with specific visit methods for each. It utilizes a static Logger for logging purposes. The class adheres to the Visitor design pattern, allowing it to operate on these units without changing their classes."
"JamesZBL","visitor","Manager.java","The Manager class, a public subclass of Unit, is responsible for managing a collection of Unit objects, which are passed to its constructor. It overrides the beVisited method to facilitate visitor pattern interactions with UnitVisitor objects, and the toString method for string representation. No explicit design patterns are captured in static analysis."
"JamesZBL","visitor","Unit.java","The `Unit` class is an abstract public class responsible for representing a hierarchical structure of units, with each unit potentially containing child units. It maintains a private collection of child units and provides a method `beVisited` to facilitate visitor pattern interactions. The class collaborates with `UnitVisitor` for visiting operations, enabling external objects to traverse and manipulate unit hierarchies."
"JamesZBL","visitor","Application.java","The `Application` class serves as the entry point for the JamesZBL_visitor project, with a single public static `main` method that initiates the program execution. It does not exhibit any explicit design pattern roles or collaborate with other classes based on the provided structural facts."
"spring-framework","AbstractFactory","ClientHttpRequestFactory.java","The `ClientHttpRequestFactory` interface defines a contract for creating `ClientHttpRequest` instances, responsible for facilitating HTTP client requests. It collaborates with `URI` and `HttpMethod` to generate requests. No explicit design pattern roles are captured in static analysis."
"spring-framework","AbstractFactory","AutowireCapableBeanFactory.java","The `AutowireCapableBeanFactory` interface, extending `BeanFactory`, is responsible for creating and autowiring beans in the Spring framework. It defines methods to create beans, autowire existing beans, and configure bean properties, with various autowire modes such as by name, type, or constructor. It collaborates with classes that implement this interface to provide bean creation and autowiring capabilities. No explicit design patterns are captured in static analysis."
"spring-framework","AbstractFactory","HierarchicalBeanFactory.java","The HierarchicalBeanFactory interface extends BeanFactory and defines a hierarchical bean factory, responsible for managing beans in a parent-child relationship. It declares methods to retrieve the parent bean factory and check for local bean existence. It collaborates with BeanFactory, indicating a hierarchical structure for bean management. No explicit design patterns are captured in static analysis."
"spring-framework","AbstractFactory","ListableBeanFactory.java","The `ListableBeanFactory` interface extends `BeanFactory` and provides methods to query bean definitions and retrieve beans by type. It collaborates with `ObjectProvider` for lazy bean retrieval and `ResolvableType` for type-based bean queries. This interface is responsible for listing and managing bean definitions, enabling clients to inspect and access beans based on their types or names. No explicit design patterns are captured in static analysis."
"spring-framework","Adapter","IsolationLevelDataSourceAdapter.java","The `IsolationLevelDataSourceAdapter` class extends `UserCredentialsDataSourceAdapter` and manages transaction isolation levels for database connections. It utilizes a static map of isolation level constants and collaborates with `TransactionDefinition` to set and retrieve isolation levels. The class overrides the `doGetConnection` method to apply the specified isolation level. It does not explicitly implement any design patterns."
"spring-framework","Adapter","HttpRequestHandlerAdapter.java","The `HttpRequestHandlerAdapter` class, implementing the `HandlerAdapter` interface, adapts `HttpRequestHandler` objects to the `HandlerAdapter` interface. It collaborates with `HttpServletRequest`, `HttpServletResponse`, and `ModelAndView` to process HTTP requests and generate responses. The class overrides two methods: `supports` to check handler compatibility and `handle` to process the request. No explicit design patterns are identified."
"spring-framework","Adapter","SimpleControllerHandlerAdapter.java","The `SimpleControllerHandlerAdapter` class implements the `HandlerAdapter` interface, indicating its role in adapting controller handlers within the Spring Framework. It is responsible for determining if it can handle a given controller (via `supports` method) and processing requests (via `handle` method). It collaborates with `HttpServletRequest` and `HttpServletResponse` objects to manage web requests and responses. No explicit design patterns are captured in static analysis."
"spring-framework","Adapter","MethodBeforeAdviceAdapter.java","The `MethodBeforeAdviceAdapter` class implements the `AdvisorAdapter` and `Serializable` interfaces, acting as an adapter for `MethodBeforeAdvice`. It checks if it supports a given advice and provides a method interceptor for an advisor. The class collaborates with `Advice` and `Advisor` types. No explicit design patterns are captured in static analysis."
"spring-framework","Decorator","BufferingClientHttpResponseWrapper.java","The `BufferingClientHttpResponseWrapper` class is a final implementation of the `ClientHttpResponse` interface, designed to buffer the response body for later use. It collaborates with a `ClientHttpResponse` instance to delegate the retrieval of status code, status text, and headers. The class overrides all methods to manage the buffered body, ensuring efficient data handling. No explicit design patterns are identified."
"spring-framework","Decorator","ContentCachingRequestWrapper.java","The `ContentCachingRequestWrapper` class extends `HttpServletRequestWrapper` to cache the content of an HTTP request. It collaborates with `FastByteArrayOutputStream` to store the cached content and manages `ServletInputStream` and `BufferedReader` for reading the request data. The class overrides methods to provide cached content, handling parameters and input streams. It does not explicitly implement a design pattern."
"spring-framework","Decorator","ScopedProxyBeanDefinitionDecorator.java","The ScopedProxyBeanDefinitionDecorator class implements the BeanDefinitionDecorator interface, focusing on decorating bean definitions within the Spring framework. It utilizes a static constant, PROXY_TARGET_CLASS, and overrides the decorate method to modify bean definitions based on provided Node, BeanDefinitionHolder, and ParserContext parameters, without explicitly employing a design pattern."
"spring-framework","Decorator","WebSocketHandlerDecorator.java","The `WebSocketHandlerDecorator` class implements the `WebSocketHandler` interface and acts as a decorator, extending the functionality of a `WebSocketHandler` instance. It contains a single private field, `delegate`, which is a final `WebSocketHandler` instance. The class provides methods to access the delegate and unwrap the handler chain. It overrides several methods from the `WebSocketHandler` interface, delegating calls to the `delegate` instance. No explicit design pattern roles are captured in static analysis."
"spring-framework","Facade","RestTemplate.java","The `RestTemplate` class is a public client-side HTTP accessor that implements the `RestOperations` interface, facilitating synchronous HTTP requests. It collaborates with `HttpMessageConverter` for message conversion, `ResponseErrorHandler` for error handling, and `UriTemplateHandler` for URI template handling. It extends `InterceptingHttpAccessor` and utilizes `ObservationRegistry` for observation purposes, without explicit design-pattern roles."
"spring-framework","Facade","TransactionTemplate.java","The `TransactionTemplate` class serves as a convenient wrapper for transaction management, implementing the `TransactionOperations` interface and extending `DefaultTransactionDefinition`. It collaborates with a `PlatformTransactionManager` to manage transactions, which can be set and retrieved. The class provides a template method `execute` for executing transactional code, handling rollbacks on exceptions. It also implements `InitializingBean` for validation on initialization. No explicit design patterns are captured."
"spring-framework","Facade","JmsTemplate.java","The `JmsTemplate` class, extending `JmsDestinationAccessor` and implementing `JmsOperations`, serves as a high-level abstraction for JMS (Java Message Service) operations. It manages default destinations, message conversion, and JMS connection configurations, collaborating with `ConnectionFactory`, `MessageConverter`, and `JmsDestinationAccessor`. It does not explicitly employ any design patterns."
"spring-framework","Facade","JdbcTemplate.java","The `JdbcTemplate` class, extending `JdbcAccessor` and implementing `JdbcOperations`, serves as a core facade for JDBC operations in the Spring Framework. It manages database interactions, handling warnings, fetch size, max rows, and query timeout settings. It collaborates with various internal methods and callbacks for statement creation and result processing. No explicit design patterns are captured in static analysis."
"spring-framework","FactoryMethod","CronTriggerFactoryBean.java","The `CronTriggerFactoryBean` class is responsible for creating and configuring `CronTrigger` instances in the Spring Framework. It implements the `FactoryBean` interface to produce `CronTrigger` objects, adhering to the Factory Method pattern. Key collaborators include `JobDetail`, `JobDataMap`, and `Date` for setting up the trigger's job details, data map, and start time. The class also implements `BeanNameAware` and `InitializingBean` for Spring container integration, managing the bean's name and initialization lifecycle."
"spring-framework","FactoryMethod","SchedulerFactoryBean.java","The SchedulerFactoryBean class is responsible for creating and managing a Quartz Scheduler instance, implementing the FactoryBean pattern. It collaborates with SchedulerFactory and various other components like ResourceLoader, Executor, and DataSource. The class adheres to several interfaces, including FactoryBean, BeanNameAware, and ApplicationContextAware, indicating its role in the Spring IoC container. It maintains configuration-time holders for resources and provides static accessor methods for these resources."
"spring-framework","FactoryMethod","AdaptableJobFactory.java","The `AdaptableJobFactory` class, implementing the `JobFactory` interface, is responsible for creating and adapting job instances. It collaborates with `TriggerFiredBundle` and `Scheduler` to produce jobs. The class overrides the `newJob` method and provides protected methods `createJobInstance` and `adaptJob` for job creation and adaptation, respectively. No explicit design patterns are captured in static analysis."
"spring-framework","FactoryMethod","JobDetailFactoryBean.java","The `JobDetailFactoryBean` class is a public factory bean that creates and configures `JobDetail` instances for the Quartz scheduler. It implements several Spring interfaces, including `FactoryBean`, `BeanNameAware`, `ApplicationContextAware`, and `InitializingBean`, indicating its role in the Spring IoC container. The class collaborates with `JobDataMap` to store job-specific data and uses the Factory Method pattern to create `JobDetail` objects. It sets and gets job details such as name, group, job class, and job data."
"spring-framework","FactoryMethod","MethodInvokingJobDetailFactoryBean.java","The `MethodInvokingJobDetailFactoryBean` class is responsible for creating `JobDetail` instances, acting as a factory bean in the Spring framework. It extends `ArgumentConvertingMethodInvoker` and implements several Spring interfaces, including `FactoryBean`, `BeanNameAware`, `BeanClassLoaderAware`, and `BeanFactoryAware`. It collaborates with a target bean, specified by `targetBeanName`, to invoke methods. The class configures job details such as name, group, and concurrency, but no explicit design patterns are captured in static analysis."
"spring-framework","Memento","SimpleApplicationEventMulticaster.java","The `SimpleApplicationEventMulticaster` class extends `AbstractApplicationEventMulticaster` and is responsible for multicasting application events. It collaborates with `Executor` for task execution and `ErrorHandler` for error management. The class allows setting and retrieving these collaborators. It overrides methods to multicast events, with no explicit design patterns identified."
"spring-framework","Memento","SavepointManager.java","The `SavepointManager` interface defines a contract for managing savepoints in a system, allowing the creation, rollback, and release of savepoints. It collaborates with an unspecified object type for savepoints. The interface does not explicitly implement any design patterns, as per static analysis."
"spring-framework","Memento","AbstractTransactionStatus.java","The AbstractTransactionStatus class, implementing the TransactionStatus interface, manages the state of a transaction, including rollback and completion status. It collaborates with a savepoint object to manage transaction checkpoints. The class provides methods to set and check rollback and completion states, and to manage savepoints. It interacts with other classes to maintain transaction integrity, but no explicit design patterns are identified."
"spring-framework","Observer","ApplicationEventPublisher.java","The `ApplicationEventPublisher` interface defines a contract for publishing events within the Spring Framework. It declares two methods: one for publishing `ApplicationEvent` objects and another for publishing arbitrary objects as events. This interface serves as a central mechanism for event dissemination, collaborating with event listeners to propagate notifications. No explicit design patterns are captured in the static analysis."
"spring-framework","Observer","ApplicationListener.java","The `ApplicationListener` interface, part of the Spring Framework's Observer pattern implementation, defines a contract for listening to application events. It extends `EventListener` and declares methods for handling events, supporting asynchronous execution, and creating listeners for payload events. Collaborators include event objects and consumers, facilitating event-driven communication within the application."
"spring-framework","Observer","AbstractApplicationEventMulticaster.java","The AbstractApplicationEventMulticaster class serves as an abstract base for event multicasting in the Spring framework, implementing ApplicationEventMulticaster, BeanClassLoaderAware, and BeanFactoryAware interfaces. It manages event listeners and their retrieval, collaborating with DefaultListenerRetriever and maintaining a cache of listeners. It is aware of its bean class loader and factory, which it uses to manage listeners. No explicit design patterns are captured in static analysis."
"spring-framework","Singleton","SmartInitializingSingleton.java","The `SmartInitializingSingleton` interface defines a contract for objects that require notification after all singleton beans have been instantiated in the Spring framework. Implementing classes must provide the `afterSingletonsInstantiated` method to perform post-instantiation initialization. This interface collaborates with the Spring IoC container, acting as a callback mechanism within the singleton bean lifecycle. No explicit design pattern is captured in the static analysis."
"spring-framework","Singleton","DefaultSingletonBeanRegistry.java","The `DefaultSingletonBeanRegistry` class, implementing `SingletonBeanRegistry`, manages singleton beans within the Spring framework. It utilizes concurrent maps to store singleton objects, factories, callbacks, and early singletons, with a reentrant lock for thread safety. The class collaborates with `SimpleAliasRegistry` and interacts with various internal methods for registration, retrieval, and destruction of singletons. No explicit design patterns are identified."
"spring-framework","Singleton","DefaultListableBeanFactory.java","The `DefaultListableBeanFactory` class, extending `AbstractAutowireCapableBeanFactory` and implementing several interfaces, is responsible for managing and configuring bean definitions in the Spring framework. It collaborates with various internal methods and external classes to handle bean registration, serialization, and eager class loading. The class does not explicitly follow a design pattern, but it plays a central role in the Spring IoC container's bean management system."
"spring-framework","Singleton","SingletonSupplier.java","The `SingletonSupplier` class is a generic public class implementing the `Supplier<T>` interface, responsible for managing and supplying singleton instances. It collaborates with `Supplier<? extends T>` for instance and default suppliers, and uses a `ReentrantLock` for thread-safe initialization. The class provides static factory methods for creating instances and ensures lazy initialization of the singleton instance. It does not explicitly follow a specific design pattern."
"spring-framework","Singleton","SingletonBeanRegistry.java","The SingletonBeanRegistry interface defines a registry for managing singleton objects within a Spring application context. It provides methods to register, retrieve, and manage singleton beans, collaborating with consumers for callback operations. The interface does not explicitly implement any design patterns, focusing solely on singleton bean management."
"spring-framework","Visitor","BeanDefinitionVisitor.java","The `BeanDefinitionVisitor` class is responsible for visiting and resolving values within a `BeanDefinition` object. It collaborates with a `StringValueResolver` to resolve string values and interacts with various collection types like lists, maps, arrays, and sets. The class does not explicitly implement a design pattern, but it follows a visitor-like pattern to traverse and process bean definition components."
"spring-framework","Visitor","BeanFactory.java","The `BeanFactory` interface defines a registry for containing and managing beans, providing methods to retrieve beans by name or type. It collaborates with `ObjectProvider` for lazy bean retrieval. The interface includes constants for factory bean prefixes. No explicit design patterns are captured in static analysis."
